timestamp,ec2_cpu,ec2_net,elb_req
2014-04-10 00:04:00,91.958,251643.0,94.0
2014-04-10 00:09:00,94.798,3203510.0,56.0
2014-04-10 00:14:00,92.208,287397.0,187.0
2014-04-10 00:19:00,93.722,238944.0,95.0
2014-04-10 00:24:00,93.042,245880.0,51.0
2014-04-10 00:29:00,92.958,234170.0,10.0
2014-04-10 00:34:00,95.708,255797.0,49.0
2014-04-10 00:39:00,95.25,244002.0,79.0
2014-04-10 00:44:00,94.458,514385.0,24.0
2014-04-10 00:49:00,92.75,270883.0,73.0
2014-04-10 00:54:00,94.208,249887.0,45.0
2014-04-10 00:59:00,92.75,3201940.0,9.0
2014-04-10 01:04:00,94.376,280638.0,33.0
2014-04-10 01:09:00,92.792,3231740.0,14.0
2014-04-10 01:14:00,91.666,223158.0,57.0
2014-04-10 01:19:00,87.542,242568.0,139.0
2014-04-10 01:24:00,90.75,221907.0,21.0
2014-04-10 01:29:00,91.65,248537.0,47.0
2014-04-10 01:34:00,90.06200000000004,223433.0,124.0
2014-04-10 01:39:00,93.416,247310.0,34.0
2014-04-10 01:44:00,89.904,224771.0,73.0
2014-04-10 01:49:00,90.542,223668.0,6.0
2014-04-10 01:54:00,90.628,240044.0,115.0
2014-04-10 01:59:00,91.166,3221290.0,14.0
2014-04-10 02:04:00,90.5,235606.0,21.0
2014-04-10 02:09:00,89.166,3202800.0,91.0
2014-04-10 02:14:00,90.292,244192.0,55.0
2014-04-10 02:19:00,90.208,231729.0,85.0
2014-04-10 02:24:00,93.626,251450.0,102.0
2014-04-10 02:29:00,93.624,219342.0,119.0
2014-04-10 02:34:00,93.756,241032.0,139.0
2014-04-10 02:39:00,93.542,219744.0,69.0
2014-04-10 02:44:00,92.042,232511.0,142.0
2014-04-10 02:49:00,90.938,237811.0,45.0
2014-04-10 02:54:00,91.376,226034.0,48.0
2014-04-10 02:59:00,92.666,3220170.0,3.0
2014-04-10 03:04:00,94.42,228654.0,32.0
2014-04-10 03:09:00,95.584,3227830.0,4.0
2014-04-10 03:19:00,90.62,256906.0,103.0
2014-04-10 03:24:00,93.478,216462.0,64.0
2014-04-10 03:29:00,94.126,238240.0,44.0
2014-04-10 03:34:00,93.338,233821.0,30.0
2014-04-10 03:39:00,93.458,239067.0,4.0
2014-04-10 03:44:00,92.166,229348.0,4.0
2014-04-10 03:49:00,91.584,233914.0,79.0
2014-04-10 03:54:00,94.33,245289.0,83.0
2014-04-10 03:59:00,95.084,3201090.0,3.0
2014-04-10 04:04:00,93.958,249867.0,21.0
2014-04-10 04:09:00,94.714,3207780.0,33.0
2014-04-10 04:14:00,92.232,241860.0,72.0
2014-04-10 04:19:00,95.2,220347.0,87.0
2014-04-10 04:24:00,92.458,244003.0,190.0
2014-04-10 04:29:00,94.444,3223880.0,10.0
2014-04-10 04:34:00,86.736,1046040.0,44.0
2014-04-10 04:39:00,93.072,1477550.0,24.0
2014-04-10 04:44:00,95.876,239252.0,32.0
2014-04-10 04:49:00,93.994,245477.0,111.0
2014-04-10 04:54:00,94.104,233018.0,106.0
2014-04-10 04:59:00,93.75,3213870.0,49.0
2014-04-10 05:04:00,90.852,241929.0,56.0
2014-04-10 05:09:00,89.584,3208820.0,79.0
2014-04-10 05:14:00,94.542,236597.0,42.0
2014-04-10 05:19:00,91.974,239443.0,112.0
2014-04-10 05:24:00,93.0,244422.0,21.0
2014-04-10 05:29:00,92.262,225751.0,48.0
2014-04-10 05:34:00,93.25,250915.0,48.0
2014-04-10 05:39:00,93.624,223452.0,91.0
2014-04-10 05:44:00,93.436,248468.0,191.0
2014-04-10 05:49:00,92.774,223264.0,8.0
2014-04-10 05:54:00,91.624,248395.0,25.0
2014-04-10 05:59:00,93.042,3213880.0,93.0
2014-04-10 06:04:00,91.542,252731.0,37.0
2014-04-10 06:09:00,93.748,3197710.0,24.0
2014-04-10 06:14:00,93.042,244921.0,35.0
2014-04-10 06:19:00,92.8,236245.0,45.0
2014-04-10 06:24:00,90.11,241661.0,11.0
2014-04-10 06:29:00,94.644,239502.0,50.0
2014-04-10 06:34:00,90.542,226975.0,3.0
2014-04-10 06:39:00,93.292,236693.0,75.0
2014-04-10 06:44:00,91.14,227811.0,79.0
2014-04-10 06:49:00,91.126,252527.0,22.0
2014-04-10 06:54:00,91.5,246855.0,143.0
2014-04-10 06:59:00,95.042,3304330.0,24.0
2014-04-10 07:04:00,95.712,247814.0,222.0
2014-04-10 07:09:00,91.506,3344340.0,57.0
2014-04-10 07:14:00,94.9625,162030.0,10.0
2014-04-10 07:19:00,91.848,231891.0,46.0
2014-04-10 07:24:00,92.416,245066.0,6.0
2014-04-10 07:29:00,95.126,215014.0,60.0
2014-04-10 07:34:00,93.584,256753.0,30.0
2014-04-10 07:39:00,93.834,214400.0,17.0
2014-04-10 07:44:00,94.708,252184.0,11.0
2014-04-10 07:49:00,94.5,227100.0,107.0
2014-04-10 07:54:00,93.452,257610.0,120.0
2014-04-10 07:59:00,88.086,3244530.0,4.0
2014-04-10 08:04:00,91.08,226090.0,150.0
2014-04-10 08:09:00,89.584,3223170.0,90.0
2014-04-10 08:14:00,91.238,243799.0,52.0
2014-04-10 08:19:00,91.932,223899.0,35.0
2014-04-10 08:24:00,89.458,242690.0,8.0
2014-04-10 08:29:00,87.75,243337.0,5.0
2014-04-10 08:34:00,92.666,237122.0,167.0
2014-04-10 08:39:00,94.5,244758.0,139.0
2014-04-10 08:44:00,92.162,234992.0,54.0
2014-04-10 08:49:00,92.648,245196.0,3.0
2014-04-10 08:54:00,94.352,235424.0,102.0
2014-04-10 08:59:00,92.916,3235630.0,12.0
2014-04-10 09:04:00,90.874,230811.0,17.0
2014-04-10 09:09:00,92.334,3222420.0,66.0
2014-04-10 09:14:00,93.75,248917.0,94.0
2014-04-10 09:19:00,93.77,231741.0,6.0
2014-04-10 09:24:00,93.48,249645.0,102.0
2014-04-10 09:29:00,94.22,232232.0,82.0
2014-04-10 09:34:00,94.014,250527.0,45.0
2014-04-10 09:39:00,94.666,236964.0,8.0
2014-04-10 09:44:00,94.516,239944.0,3.0
2014-04-10 09:49:00,96.75,225171.0,107.0
2014-04-10 09:54:00,93.834,258593.0,15.0
2014-04-10 09:59:00,91.666,3208930.0,9.0
2014-04-10 10:04:00,90.8,234706.0,1.0
2014-04-10 10:09:00,96.042,3233600.0,61.0
2014-04-10 10:14:00,85.42200000000003,240440.0,50.0
2014-04-10 10:19:00,91.73,248880.0,86.0
2014-04-10 10:24:00,90.61,230407.0,69.0
2014-04-10 10:29:00,90.25,251796.0,5.0
2014-04-10 10:34:00,90.03399999999998,232703.0,59.0
2014-04-10 10:39:00,89.33200000000002,249573.0,34.0
2014-04-10 10:44:00,91.766,217737.0,95.0
2014-04-10 10:49:00,94.084,239745.0,80.0
2014-04-10 10:54:00,91.6525,4119680.0,146.0
2014-04-10 10:59:00,93.75,226480.0,72.0
2014-04-10 11:04:00,93.718,251084.0,44.0
2014-04-10 11:09:00,94.112,3206870.0,105.0
2014-04-10 11:14:00,93.466,240960.0,68.0
2014-04-10 11:19:00,95.416,238029.0,40.0
2014-04-10 11:24:00,94.5,248519.0,14.0
2014-04-10 11:29:00,96.674,236986.0,6.0
2014-04-10 11:39:00,91.166,235833.0,79.0
2014-04-10 11:44:00,93.678,241185.0,183.0
2014-04-10 11:49:00,93.55,233637.0,138.0
2014-04-10 11:54:00,93.374,235894.0,119.0
2014-04-10 11:59:00,95.554,3239200.0,255.0
2014-04-10 12:04:00,94.292,249254.0,74.0
2014-04-10 12:09:00,90.164,3226810.0,35.0
2014-04-10 12:14:00,88.75,219341.0,12.0
2014-04-10 12:19:00,92.458,250379.0,68.0
2014-04-10 12:24:00,96.21,243888.0,1.0
2014-04-10 12:29:00,91.646,231633.0,98.0
2014-04-10 12:34:00,94.792,229597.0,21.0
2014-04-10 12:39:00,92.534,249854.0,67.0
2014-04-10 12:44:00,89.084,226666.0,176.0
2014-04-10 12:49:00,91.75,235965.0,199.0
2014-04-10 12:54:00,92.75,253658.0,120.0
2014-04-10 12:59:00,89.568,3230240.0,63.0
2014-04-10 13:04:00,90.658,254252.0,182.0
2014-04-10 13:09:00,88.024,3208580.0,166.0
2014-04-10 13:14:00,91.542,248958.0,104.0
2014-04-10 13:19:00,94.25,226541.0,141.0
2014-04-10 13:24:00,94.124,240359.0,60.0
2014-04-10 13:29:00,91.708,236906.0,9.0
2014-04-10 13:34:00,92.584,247200.0,64.0
2014-04-10 13:39:00,92.638,244932.0,51.0
2014-04-10 13:44:00,93.794,249894.0,84.0
2014-04-10 13:49:00,96.514,226273.0,27.0
2014-04-10 13:54:00,95.202,236794.0,185.0
2014-04-10 13:59:00,96.188,3234110.0,76.0
2014-04-10 14:04:00,89.3,255988.0,92.0
2014-04-10 14:09:00,90.746,3226730.0,97.0
2014-04-10 14:14:00,88.25,224082.0,26.0
2014-04-10 14:19:00,88.834,247132.0,168.0
2014-04-10 14:24:00,89.834,238059.0,34.0
2014-04-10 14:29:00,93.5,248839.0,10.0
2014-04-10 14:34:00,95.5,224071.0,54.0
2014-04-10 14:39:00,89.542,236928.0,198.0
2014-04-10 14:44:00,89.052,243858.0,142.0
2014-04-10 14:49:00,87.454,245120.0,232.0
2014-04-10 14:54:00,86.876,251672.0,7.0
2014-04-10 14:59:00,86.958,3220620.0,101.0
2014-04-10 15:04:00,89.928,249774.0,52.0
2014-04-10 15:09:00,90.5,3213390.0,168.0
2014-04-10 15:14:00,90.124,257850.0,63.0
2014-04-10 15:19:00,90.58,240188.0,35.0
2014-04-10 15:24:00,92.0,257911.0,10.0
2014-04-10 15:29:00,88.708,235086.0,101.0
2014-04-10 15:34:00,89.962,243701.0,94.0
2014-04-10 15:39:00,92.502,244044.0,29.0
2014-04-10 15:44:00,94.0,231573.0,65.0
2014-04-10 15:49:00,94.804,243532.0,83.0
2014-04-10 15:54:00,89.542,240454.0,186.0
2014-04-10 15:59:00,94.0,3251260.0,195.0
2014-04-10 16:04:00,94.292,238736.0,27.0
2014-04-10 16:09:00,93.916,3239740.0,48.0
2014-04-10 16:14:00,91.458,235562.0,335.0
2014-04-10 16:19:00,92.14,240626.0,93.0
2014-04-10 16:24:00,93.208,247963.0,7.0
2014-04-10 16:29:00,96.292,226795.0,60.0
2014-04-10 16:34:00,90.666,251630.0,264.0
2014-04-10 16:39:00,89.458,224232.0,39.0
2014-04-10 16:44:00,95.292,256887.0,116.0
2014-04-10 16:49:00,95.626,237801.0,11.0
2014-04-10 16:54:00,93.0,362671.0,119.0
2014-04-10 16:59:00,93.75,3222900.0,129.0
2014-04-10 17:04:00,95.292,258759.0,50.0
2014-04-10 17:09:00,95.208,3224910.0,101.0
2014-04-10 17:14:00,95.542,246360.0,187.0
2014-04-10 17:19:00,93.0,240932.0,25.0
2014-04-10 17:24:00,92.236,243533.0,53.0
2014-04-10 17:29:00,94.25,261247.0,129.0
2014-04-10 17:34:00,92.282,230275.0,170.0
2014-04-10 17:39:00,94.714,339881.0,86.0
2014-04-10 17:44:00,94.126,227804.0,99.0
2014-04-10 17:49:00,96.25,242555.0,14.0
2014-04-10 17:54:00,93.834,244851.0,64.0
2014-04-10 17:59:00,94.46,3250750.0,46.0
2014-04-10 18:04:00,95.542,249325.0,82.0
2014-04-10 18:09:00,98.042,3274500.0,17.0
2014-04-10 18:14:00,95.766,283687.0,41.0
2014-04-10 18:19:00,93.458,258379.0,14.0
2014-04-10 18:24:00,92.858,246106.0,303.0
2014-04-10 18:29:00,95.584,280576.0,80.0
2014-04-10 18:34:00,93.128,252687.0,15.0
2014-04-10 18:39:00,91.888,231879.0,71.0
2014-04-10 18:44:00,92.984,262455.0,78.0
2014-04-10 18:49:00,94.326,252149.0,43.0
2014-04-10 18:54:00,95.876,279481.0,44.0
2014-04-10 18:59:00,93.584,3233780.0,93.0
2014-04-10 19:04:00,95.158,271502.0,56.0
2014-04-10 19:09:00,95.416,3220700.0,153.0
2014-04-10 19:14:00,93.166,240858.0,64.0
2014-04-10 19:19:00,96.25,261069.0,156.0
2014-04-10 19:24:00,93.376,244989.0,81.0
2014-04-10 19:29:00,93.084,481000.0,94.0
2014-04-10 19:34:00,93.146,235286.0,9.0
2014-04-10 19:39:00,95.596,254224.0,64.0
2014-04-10 19:44:00,94.336,250720.0,130.0
2014-04-10 19:49:00,91.458,257494.0,35.0
2014-04-10 19:54:00,93.292,233894.0,34.0
2014-04-10 19:59:00,95.126,3246910.0,84.0
2014-04-10 20:04:00,92.976,278634.0,47.0
2014-04-10 20:09:00,94.326,3918490.0,102.0
2014-04-10 20:14:00,89.538,263208.0,39.0
2014-04-10 20:19:00,92.128,200207.0,67.0
2014-04-10 20:24:00,94.144,257217.0,45.0
2014-04-10 20:29:00,89.488,519379.0,30.0
2014-04-10 20:34:00,90.314,240185.0,10.0
2014-04-10 20:39:00,95.0,242636.0,36.0
2014-04-10 20:44:00,93.208,258694.0,37.0
2014-04-10 20:49:00,94.042,235679.0,12.0
2014-04-10 20:54:00,92.626,286345.0,119.0
2014-04-10 20:59:00,95.398,3261670.0,106.0
2014-04-10 21:04:00,93.528,265977.0,21.0
2014-04-10 21:09:00,93.5,3244310.0,56.0
2014-04-10 21:14:00,95.63,287114.0,104.0
2014-04-10 21:19:00,93.292,249791.0,18.0
2014-04-10 21:24:00,95.292,258317.0,11.0
2014-04-10 21:29:00,95.01,264376.0,10.0
2014-04-10 21:34:00,92.384,247026.0,70.0
2014-04-10 21:39:00,93.75,259991.0,116.0
2014-04-10 21:44:00,96.124,292481.0,19.0
2014-04-10 21:49:00,93.42,1002760.0,61.0
2014-04-10 21:54:00,91.854,236195.0,64.0
2014-04-10 21:59:00,90.5,3279040.0,55.0
2014-04-10 22:04:00,92.666,272351.0,4.0
2014-04-10 22:09:00,93.956,3211510.0,124.0
2014-04-10 22:14:00,91.792,260472.0,2.0
2014-04-10 22:19:00,95.0,222967.0,32.0
2014-04-10 22:24:00,95.626,265742.0,76.0
2014-04-10 22:29:00,95.084,233810.0,8.0
2014-04-10 22:34:00,94.834,251803.0,76.0
2014-04-10 22:39:00,95.566,949974.0,209.0
2014-04-10 22:44:00,94.454,244745.0,20.0
2014-04-10 22:49:00,95.0,225958.0,123.0
2014-04-10 22:54:00,93.334,248437.0,32.0
2014-04-10 22:59:00,94.108,3243150.0,32.0
2014-04-10 23:04:00,93.596,327555.0,31.0
2014-04-10 23:09:00,92.922,3230800.0,92.0
2014-04-10 23:14:00,92.414,243546.0,121.0
2014-04-10 23:19:00,92.478,249660.0,6.0
2014-04-10 23:24:00,92.22,248546.0,59.0
2014-04-10 23:29:00,93.876,249705.0,9.0
2014-04-10 23:34:00,95.58,246404.0,25.0
2014-04-10 23:39:00,95.166,256637.0,54.0
2014-04-10 23:44:00,94.5,239185.0,113.0
2014-04-10 23:49:00,95.048,232288.0,39.0
2014-04-10 23:54:00,93.424,252184.0,5.0
2014-04-10 23:59:00,93.01,3232280.0,9.0
2014-04-11 00:04:00,93.774,266277.0,95.0
2014-04-11 00:09:00,95.704,3256130.0,38.0
2014-04-11 00:14:00,95.216,246209.0,7.0
2014-04-11 00:19:00,93.572,235662.0,105.0
2014-04-11 00:24:00,92.056,277695.0,63.0
2014-04-11 00:29:00,93.904,249218.0,25.0
2014-04-11 00:34:00,95.792,305164.0,28.0
2014-04-11 00:39:00,93.374,246120.0,50.0
2014-04-11 00:44:00,91.666,237437.0,49.0
2014-04-11 00:49:00,95.708,265308.0,41.0
2014-04-11 00:54:00,93.042,248585.0,30.0
2014-04-11 00:59:00,96.0,3245180.0,106.0
2014-04-11 01:04:00,95.108,241909.0,141.0
2014-04-11 01:09:00,93.778,3253080.0,57.0
2014-04-11 01:14:00,91.716,262847.0,44.0
2014-04-11 01:19:00,91.666,261045.0,95.0
2014-04-11 01:24:00,95.75,267438.0,52.0
2014-04-11 01:29:00,97.042,266667.0,237.0
2014-04-11 01:34:00,93.624,235504.0,95.0
2014-04-11 01:39:00,93.4,306849.0,38.0
2014-04-11 01:44:00,89.75399999999998,243843.0,92.0
2014-04-11 01:49:00,94.334,238067.0,3.0
2014-04-11 01:54:00,96.522,251585.0,62.0
2014-04-11 01:59:00,93.516,3218610.0,5.0
2014-04-11 02:04:00,95.25,249952.0,46.0
2014-04-11 02:09:00,95.914,3214260.0,9.0
2014-04-11 02:14:00,97.084,244738.0,70.0
2014-04-11 02:19:00,94.918,236009.0,107.0
2014-04-11 02:24:00,93.766,243525.0,9.0
2014-04-11 02:29:00,96.056,251869.0,28.0
2014-04-11 02:34:00,96.376,247750.0,61.0
2014-04-11 02:39:00,96.166,237585.0,25.0
2014-04-11 02:44:00,94.166,232251.0,15.0
2014-04-11 02:49:00,96.496,244425.0,13.0
2014-04-11 02:54:00,95.042,246994.0,21.0
2014-04-11 02:59:00,95.584,3224600.0,121.0
2014-04-11 03:04:00,96.726,3231950.0,114.0
2014-04-11 03:09:00,96.056,3230920.0,39.0
2014-04-11 03:14:00,95.172,240758.0,21.0
2014-04-11 03:19:00,93.876,247018.0,53.0
2014-04-11 03:24:00,95.958,227611.0,21.0
2014-04-11 03:29:00,95.708,240378.0,10.0
2014-04-11 03:34:00,94.008,241621.0,8.0
2014-04-11 03:39:00,92.084,237751.0,75.0
2014-04-11 03:44:00,96.932,258200.0,10.0
2014-04-11 03:49:00,92.79,226063.0,36.0
2014-04-11 03:54:00,94.006,259598.0,112.0
2014-04-11 03:59:00,94.874,3225870.0,68.0
2014-04-11 04:04:00,93.126,253252.0,152.0
2014-04-11 04:09:00,95.834,3227900.0,85.0
2014-04-11 04:14:00,93.624,243886.0,3.0
2014-04-11 04:19:00,95.554,222755.0,74.0
2014-04-11 04:24:00,95.758,251731.0,75.0
2014-04-11 04:29:00,95.402,232475.0,154.0
2014-04-11 04:34:00,93.916,241836.0,104.0
2014-04-11 04:39:00,98.042,247473.0,13.0
2014-04-11 04:44:00,93.29,238192.0,101.0
2014-04-11 04:49:00,92.792,248777.0,26.0
2014-04-11 04:54:00,97.374,245535.0,131.0
2014-04-11 04:59:00,97.374,3239170.0,63.0
2014-04-11 05:04:00,96.386,248277.0,54.0
2014-04-11 05:09:00,95.584,3240020.0,38.0
2014-04-11 05:14:00,96.618,233162.0,57.0
2014-04-11 05:19:00,94.5,231319.0,54.0
2014-04-11 05:24:00,93.792,254581.0,73.0
2014-04-11 05:29:00,96.084,234406.0,105.0
2014-04-11 05:34:00,97.584,248665.0,56.0
2014-04-11 05:39:00,97.216,241438.0,95.0
2014-04-11 05:44:00,92.916,251713.0,110.0
2014-04-11 05:49:00,97.042,228064.0,18.0
2014-04-11 05:54:00,97.166,269810.0,3.0
2014-04-11 05:59:00,94.852,3228730.0,16.0
2014-04-11 06:04:00,92.626,267368.0,10.0
2014-04-11 06:09:00,96.916,3211740.0,10.0
2014-04-11 06:14:00,95.416,342062.0,19.0
2014-04-11 06:19:00,92.77,248293.0,8.0
2014-04-11 06:24:00,93.626,241611.0,4.0
2014-04-11 06:29:00,95.708,255464.0,68.0
2014-04-11 06:34:00,94.528,237297.0,53.0
2014-04-11 06:39:00,93.562,240442.0,125.0
2014-04-11 06:44:00,94.102,244156.0,20.0
2014-04-11 06:49:00,93.986,252098.0,12.0
2014-04-11 06:54:00,94.584,237622.0,34.0
2014-04-11 06:59:00,92.224,3233770.0,85.0
2014-04-11 07:04:00,92.958,238456.0,10.0
2014-04-11 07:09:00,93.042,3234340.0,101.0
2014-04-11 07:14:00,88.542,236182.0,67.0
2014-04-11 07:19:00,92.042,235840.0,57.0
2014-04-11 07:24:00,94.542,254726.0,14.0
2014-04-11 07:29:00,95.958,232628.0,36.0
2014-04-11 07:34:00,96.876,244211.0,74.0
2014-04-11 07:39:00,94.708,233693.0,17.0
2014-04-11 07:44:00,94.0,247003.0,13.0
2014-04-11 07:49:00,93.958,239926.0,9.0
2014-04-11 07:54:00,95.342,249384.0,10.0
2014-04-11 07:59:00,91.304,3218600.0,47.0
2014-04-11 08:04:00,92.352,255874.0,32.0
2014-04-11 08:09:00,90.41,3217690.0,18.0
2014-04-11 08:14:00,92.476,244198.0,40.0
2014-04-11 08:19:00,94.716,237503.0,113.0
2014-04-11 08:24:00,94.542,237900.0,17.0
2014-04-11 08:29:00,93.042,250015.0,78.0
2014-04-11 08:34:00,91.292,221923.0,49.0
2014-04-11 08:39:00,95.604,254591.0,7.0
2014-04-11 08:44:00,96.782,238493.0,53.0
2014-04-11 08:49:00,96.458,242676.0,203.0
2014-04-11 08:54:00,94.916,242609.0,72.0
2014-04-11 08:59:00,92.916,3226930.0,39.0
2014-04-11 09:04:00,92.416,250544.0,58.0
2014-04-11 09:09:00,96.428,3219490.0,77.0
2014-04-11 09:14:00,95.374,247572.0,151.0
2014-04-11 09:19:00,93.106,228470.0,252.0
2014-04-11 09:24:00,91.39,246320.0,110.0
2014-04-11 09:29:00,93.374,226119.0,21.0
2014-04-11 09:34:00,92.744,254107.0,119.0
2014-04-11 09:39:00,96.12,236567.0,17.0
2014-04-11 09:44:00,95.542,239116.0,31.0
2014-04-11 09:49:00,96.4,244311.0,4.0
2014-04-11 09:54:00,94.246,234522.0,21.0
2014-04-11 09:59:00,93.13,3235740.0,42.0
2014-04-11 10:04:00,92.404,246649.0,149.0
2014-04-11 10:09:00,96.166,3253740.0,200.0
2014-04-11 10:14:00,93.594,239080.0,66.0
2014-04-11 10:19:00,89.416,247261.0,9.0
2014-04-11 10:24:00,94.084,234844.0,70.0
2014-04-11 10:29:00,94.524,268433.0,86.0
2014-04-11 10:34:00,94.492,223453.0,29.0
2014-04-11 10:39:00,93.584,253193.0,107.0
2014-04-11 10:44:00,92.958,237735.0,102.0
2014-04-11 10:49:00,92.75,244744.0,66.0
2014-04-11 10:54:00,93.416,257369.0,20.0
2014-04-11 10:59:00,94.75,3228480.0,100.0
2014-04-11 11:04:00,93.672,269861.0,89.0
2014-04-11 11:09:00,93.374,3229110.0,57.0
2014-04-11 11:14:00,95.122,258234.0,14.0
2014-04-11 11:19:00,92.666,232734.0,47.0
2014-04-11 11:24:00,95.666,246155.0,37.0
2014-04-11 11:29:00,96.834,243065.0,55.0
2014-04-11 11:34:00,94.256,246028.0,12.0
2014-04-11 11:39:00,93.394,242913.0,17.0
2014-04-11 11:44:00,94.126,231682.0,4.0
2014-04-11 11:49:00,96.172,255268.0,47.0
2014-04-11 11:54:00,93.7,236532.0,63.0
2014-04-11 11:59:00,93.064,3254540.0,184.0
2014-04-11 12:04:00,96.0,248560.0,108.0
2014-04-11 12:09:00,95.436,3252300.0,12.0
2014-04-11 12:14:00,95.98,239375.0,51.0
2014-04-11 12:19:00,94.534,253265.0,35.0
2014-04-11 12:24:00,87.5,236362.0,77.0
2014-04-11 12:29:00,91.208,244662.0,13.0
2014-04-11 12:34:00,93.392,247065.0,4.0
2014-04-11 12:39:00,91.524,238032.0,266.0
2014-04-11 12:44:00,93.832,245684.0,35.0
2014-04-11 12:49:00,90.668,238604.0,4.0
2014-04-11 12:54:00,92.25,261043.0,27.0
2014-04-11 12:59:00,93.996,3216100.0,63.0
2014-04-11 13:04:00,91.5,260094.0,33.0
2014-04-11 13:09:00,92.816,3244400.0,53.0
2014-04-11 13:14:00,91.148,226337.0,6.0
2014-04-11 13:19:00,89.06200000000004,252188.0,5.0
2014-04-11 13:24:00,91.1,245393.0,6.0
2014-04-11 13:29:00,93.0,241493.0,62.0
2014-04-11 13:34:00,87.834,237706.0,146.0
2014-04-11 13:39:00,90.584,245012.0,12.0
2014-04-11 13:44:00,92.624,237909.0,88.0
2014-04-11 13:49:00,89.292,253078.0,74.0
2014-04-11 13:54:00,91.416,240168.0,220.0
2014-04-11 13:59:00,91.624,3248870.0,104.0
2014-04-11 14:04:00,88.5,250435.0,55.0
2014-04-11 14:09:00,91.5,3256320.0,39.0
2014-04-11 14:14:00,93.126,230605.0,51.0
2014-04-11 14:19:00,91.536,254587.0,26.0
2014-04-11 14:24:00,92.892,234093.0,6.0
2014-04-11 14:29:00,89.35,241980.0,68.0
2014-04-11 14:34:00,88.584,261849.0,107.0
2014-04-11 14:39:00,89.52799999999998,242223.0,63.0
2014-04-11 14:44:00,89.042,256740.0,158.0
2014-04-11 14:49:00,92.55,236921.0,115.0
2014-04-11 14:54:00,90.712,271067.0,6.0
2014-04-11 14:59:00,92.208,3197710.0,105.0
2014-04-11 15:04:00,93.084,260255.0,109.0
2014-04-11 15:09:00,90.82,3242430.0,138.0
2014-04-11 15:14:00,88.542,245469.0,77.0
2014-04-11 15:19:00,89.75,251011.0,47.0
2014-04-11 15:24:00,96.708,238685.0,92.0
2014-04-11 15:29:00,93.75,241960.0,187.0
2014-04-11 15:34:00,92.458,233066.0,38.0
2014-04-11 15:39:00,94.534,283861.0,67.0
2014-04-11 15:44:00,95.454,240062.0,29.0
2014-04-11 15:49:00,92.084,257465.0,59.0
2014-04-11 15:54:00,92.584,254978.0,93.0
2014-04-11 15:59:00,90.124,3235440.0,76.0
2014-04-11 16:04:00,88.48200000000001,255754.0,125.0
2014-04-11 16:09:00,89.376,3227150.0,103.0
2014-04-11 16:14:00,90.626,236078.0,182.0
2014-04-11 16:19:00,86.064,388240.0,134.0
2014-04-11 16:24:00,89.012,236777.0,59.0
2014-04-11 16:29:00,87.656,227627.0,48.0
2014-04-11 16:34:00,91.634,252311.0,102.0
2014-04-11 16:39:00,87.08,242327.0,82.0
2014-04-11 16:44:00,88.958,241642.0,280.0
2014-04-11 16:49:00,90.084,248389.0,66.0
2014-04-11 16:54:00,92.126,273570.0,34.0
2014-04-11 16:59:00,93.624,3306410.0,105.0
2014-04-11 17:04:00,88.416,262106.0,87.0
2014-04-11 17:09:00,90.75,3242880.0,28.0
2014-04-11 17:14:00,90.104,283567.0,33.0
2014-04-11 17:19:00,90.5,273127.0,100.0
2014-04-11 17:24:00,88.916,260175.0,112.0
2014-04-11 17:29:00,88.666,251403.0,43.0
2014-04-11 17:34:00,90.394,251817.0,60.0
2014-04-11 17:39:00,92.666,273249.0,53.0
2014-04-11 17:44:00,92.75,238988.0,65.0
2014-04-11 17:49:00,90.334,275365.0,19.0
2014-04-11 17:54:00,92.25,291390.0,131.0
2014-04-11 17:59:00,97.084,3359020.0,144.0
2014-04-11 18:04:00,93.012,399001.0,85.0
2014-04-11 18:09:00,94.212,3561460.0,15.0
2014-04-11 18:14:00,95.612,339291.0,40.0
2014-04-11 18:19:00,95.834,390198.0,135.0
2014-04-11 18:24:00,96.084,399884.0,10.0
2014-04-11 18:29:00,93.754,372872.0,114.0
2014-04-11 18:34:00,95.042,389524.0,226.0
2014-04-11 18:39:00,95.75,1163670.0,45.0
2014-04-11 18:44:00,95.834,397407.0,22.0
2014-04-11 18:49:00,96.292,389204.0,133.0
2014-04-11 18:54:00,95.918,404224.0,64.0
2014-04-11 18:59:00,95.334,3360440.0,87.0
2014-04-11 19:04:00,93.292,403175.0,52.0
2014-04-11 19:09:00,95.376,3378150.0,45.0
2014-04-11 19:14:00,95.626,373712.0,108.0
2014-04-11 19:19:00,96.674,410708.0,89.0
2014-04-11 19:24:00,92.43,378684.0,136.0
2014-04-11 19:29:00,93.542,410979.0,41.0
2014-04-11 19:34:00,94.958,391032.0,237.0
2014-04-11 19:39:00,96.416,1190060.0,145.0
2014-04-11 19:44:00,96.818,383999.0,85.0
2014-04-11 19:49:00,94.074,399979.0,60.0
2014-04-11 19:54:00,94.98,373990.0,168.0
2014-04-11 19:59:00,97.25,3410280.0,117.0
2014-04-11 20:04:00,94.96,422833.0,44.0
2014-04-11 20:09:00,96.708,3391730.0,132.0
2014-04-11 20:14:00,95.374,295161.0,86.0
2014-04-11 20:19:00,94.376,254373.0,60.0
2014-04-11 20:24:00,93.086,250735.0,259.0
2014-04-11 20:29:00,93.458,236999.0,272.0
2014-04-11 20:34:00,94.958,258318.0,67.0
2014-04-11 20:39:00,95.718,233088.0,130.0
2014-04-11 20:44:00,95.142,252988.0,40.0
2014-04-11 20:49:00,95.494,256719.0,13.0
2014-04-11 20:54:00,93.792,231652.0,81.0
2014-04-11 20:59:00,95.376,3249070.0,174.0
2014-04-11 21:04:00,92.144,245066.0,108.0
2014-04-11 21:09:00,93.466,3243390.0,46.0
2014-04-11 21:14:00,94.642,235817.0,54.0
2014-04-11 21:19:00,93.894,253230.0,6.0
2014-04-11 21:24:00,93.542,241075.0,5.0
2014-04-11 21:29:00,94.208,254290.0,106.0
2014-04-11 21:34:00,91.166,244568.0,46.0
2014-04-11 21:39:00,90.126,259041.0,12.0
2014-04-11 21:44:00,95.618,230913.0,162.0
2014-04-11 21:49:00,91.71,240953.0,77.0
2014-04-11 21:54:00,94.014,247442.0,4.0
2014-04-11 21:59:00,93.958,3240880.0,41.0
2014-04-11 22:04:00,90.75,272605.0,23.0
2014-04-11 22:09:00,93.708,3272150.0,147.0
2014-04-11 22:14:00,89.78399999999998,257701.0,28.0
2014-04-11 22:19:00,92.874,237159.0,46.0
2014-04-11 22:24:00,91.184,256000.0,4.0
2014-04-11 22:29:00,94.916,236218.0,75.0
2014-04-11 22:34:00,89.666,253981.0,24.0
2014-04-11 22:39:00,90.458,240892.0,78.0
2014-04-11 22:44:00,90.084,252041.0,128.0
2014-04-11 22:49:00,91.048,252478.0,45.0
2014-04-11 22:54:00,90.792,236178.0,55.0
2014-04-11 22:59:00,90.626,3251640.0,16.0
2014-04-11 23:04:00,88.708,252965.0,31.0
2014-04-11 23:09:00,92.33,3240320.0,335.0
2014-04-11 23:14:00,91.292,225659.0,190.0
2014-04-11 23:19:00,93.416,262094.0,49.0
2014-04-11 23:24:00,90.5,231789.0,30.0
2014-04-11 23:29:00,89.874,259574.0,3.0
2014-04-11 23:34:00,91.124,233080.0,95.0
2014-04-11 23:39:00,91.584,241600.0,114.0
2014-04-11 23:44:00,94.708,253511.0,189.0
2014-04-11 23:49:00,91.5,240551.0,231.0
2014-04-11 23:54:00,91.446,257501.0,96.0
2014-04-11 23:59:00,90.708,3256150.0,84.0
2014-04-12 00:04:00,93.328,268213.0,114.0
2014-04-12 00:09:00,90.864,3246770.0,119.0
2014-04-12 00:14:00,96.836,270648.0,65.0
2014-04-12 00:19:00,94.402,230839.0,121.0
2014-04-12 00:24:00,95.47,263492.0,62.0
2014-04-12 00:29:00,94.416,229821.0,272.0
2014-04-12 00:34:00,96.176,239090.0,101.0
2014-04-12 00:39:00,95.792,246163.0,19.0
2014-04-12 00:44:00,92.2,242103.0,44.0
2014-04-12 00:49:00,95.962,261614.0,24.0
2014-04-12 00:54:00,96.798,241194.0,5.0
2014-04-12 00:59:00,91.952,3242430.0,14.0
2014-04-12 01:04:00,91.148,243066.0,46.0
2014-04-12 01:09:00,96.458,3243440.0,82.0
2014-04-12 01:14:00,95.042,234794.0,10.0
2014-04-12 01:19:00,95.458,245498.0,55.0
2014-04-12 01:24:00,95.162,242056.0,20.0
2014-04-12 01:29:00,92.084,229823.0,118.0
2014-04-12 01:34:00,96.97,258120.0,19.0
2014-04-12 01:39:00,97.042,230552.0,174.0
2014-04-12 01:44:00,94.25,253045.0,70.0
2014-04-12 01:49:00,97.042,230385.0,14.0
2014-04-12 01:54:00,94.916,254403.0,115.0
2014-04-12 01:59:00,95.126,3225830.0,105.0
2014-04-12 02:04:00,95.21,259469.0,67.0
2014-04-12 02:09:00,96.666,3225090.0,26.0
2014-04-12 02:14:00,95.63,258436.0,171.0
2014-04-12 02:19:00,95.188,233808.0,98.0
2014-04-12 02:24:00,94.416,241677.0,12.0
2014-04-12 02:29:00,95.78,263112.0,41.0
2014-04-12 02:34:00,96.958,266602.0,66.0
2014-04-12 02:39:00,94.076,244229.0,8.0
2014-04-12 02:44:00,96.334,238705.0,68.0
2014-04-12 02:49:00,96.074,256480.0,49.0
2014-04-12 02:54:00,95.708,225990.0,28.0
2014-04-12 02:59:00,95.3,3241060.0,5.0
2014-04-12 03:04:00,92.126,251275.0,22.0
2014-04-12 03:09:00,94.576,4206500.0,42.0
2014-04-12 03:14:00,94.674,2271640.0,99.0
2014-04-12 03:19:00,94.084,240582.0,63.0
2014-04-12 03:24:00,94.834,246508.0,7.0
2014-04-12 03:29:00,97.126,244466.0,14.0
2014-04-12 03:34:00,97.792,262520.0,77.0
2014-04-12 03:39:00,97.458,239397.0,5.0
2014-04-12 03:44:00,96.208,241457.0,56.0
2014-04-12 03:49:00,96.916,244122.0,62.0
2014-04-12 03:54:00,96.792,258265.0,94.0
2014-04-12 03:59:00,95.212,3239530.0,12.0
2014-04-12 04:04:00,97.42,267842.0,8.0
2014-04-12 04:09:00,95.094,3222240.0,89.0
2014-04-12 04:14:00,95.306,265767.0,6.0
2014-04-12 04:19:00,96.246,236695.0,13.0
2014-04-12 04:24:00,94.576,242795.0,11.0
2014-04-12 04:29:00,94.5,258097.0,46.0
2014-04-12 04:34:00,95.916,235499.0,82.0
2014-04-12 04:39:00,96.25,252357.0,53.0
2014-04-12 04:44:00,96.376,236301.0,68.0
2014-04-12 04:49:00,95.614,282313.0,5.0
2014-04-12 04:54:00,93.968,211838.0,71.0
2014-04-12 04:59:00,96.88,3248880.0,43.0
2014-04-12 05:04:00,96.132,242114.0,41.0
2014-04-12 05:09:00,96.166,3241200.0,36.0
2014-04-12 05:14:00,95.846,245429.0,53.0
2014-04-12 05:19:00,95.548,230041.0,4.0
2014-04-12 05:24:00,94.0,247600.0,5.0
2014-04-12 05:29:00,93.584,235212.0,53.0
2014-04-12 05:34:00,97.676,260300.0,14.0
2014-04-12 05:39:00,95.75,230071.0,126.0
2014-04-12 05:44:00,95.416,264085.0,175.0
2014-04-12 05:49:00,92.626,237271.0,171.0
2014-04-12 05:54:00,97.626,261323.0,1.0
2014-04-12 05:59:00,95.166,3237250.0,20.0
2014-04-12 06:04:00,93.292,254862.0,7.0
2014-04-12 06:09:00,92.052,3247370.0,11.0
2014-04-12 06:14:00,92.392,225190.0,24.0
2014-04-12 06:19:00,93.248,250940.0,51.0
2014-04-12 06:24:00,90.458,230978.0,68.0
2014-04-12 06:29:00,93.022,262319.0,3.0
2014-04-12 06:34:00,93.084,235497.0,16.0
2014-04-12 06:39:00,93.334,248283.0,6.0
2014-04-12 06:44:00,94.208,243400.0,100.0
2014-04-12 06:49:00,89.666,249711.0,7.0
2014-04-12 06:54:00,94.708,243717.0,98.0
2014-04-12 06:59:00,92.772,3241720.0,5.0
2014-04-12 07:04:00,94.774,255955.0,1.0
2014-04-12 07:09:00,96.5,3221100.0,5.0
2014-04-12 07:14:00,95.042,253793.0,4.0
2014-04-12 07:19:00,92.584,242207.0,8.0
2014-04-12 07:24:00,93.33,244641.0,67.0
2014-04-12 07:29:00,96.042,245782.0,56.0
2014-04-12 07:34:00,93.5,249634.0,31.0
2014-04-12 07:39:00,95.708,232768.0,66.0
2014-04-12 07:44:00,95.126,253386.0,60.0
2014-04-12 07:49:00,96.0,243175.0,9.0
2014-04-12 07:54:00,93.916,236034.0,7.0
2014-04-12 07:59:00,94.708,3240990.0,57.0
2014-04-12 08:04:00,95.334,247113.0,20.0
2014-04-12 08:09:00,97.17,3222490.0,53.0
2014-04-12 08:14:00,95.604,240165.0,89.0
2014-04-12 08:19:00,95.644,251737.0,97.0
2014-04-12 08:24:00,93.238,226327.0,45.0
2014-04-12 08:29:00,95.72,256926.0,14.0
2014-04-12 08:34:00,95.708,236917.0,91.0
2014-04-12 08:39:00,96.416,252376.0,60.0
2014-04-12 08:44:00,95.708,259127.0,93.0
2014-04-12 08:49:00,95.584,219037.0,10.0
2014-04-12 08:54:00,96.726,241918.0,6.0
2014-04-12 08:59:00,96.714,3232520.0,7.0
2014-04-12 09:04:00,95.232,266012.0,65.0
2014-04-12 09:09:00,94.426,3209930.0,83.0
2014-04-12 09:14:00,93.626,253948.0,34.0
2014-04-12 09:19:00,95.958,239276.0,97.0
2014-04-12 09:24:00,94.666,251676.0,59.0
2014-04-12 09:29:00,93.596,239299.0,9.0
2014-04-12 09:34:00,93.334,255742.0,45.0
2014-04-12 09:39:00,94.292,213700.0,20.0
2014-04-12 09:44:00,95.208,238498.0,49.0
2014-04-12 09:49:00,96.416,259419.0,59.0
2014-04-12 09:54:00,94.172,240198.0,15.0
2014-04-12 09:59:00,94.87,3248830.0,128.0
2014-04-12 10:04:00,93.5,237509.0,105.0
2014-04-12 10:09:00,91.458,3244010.0,43.0
2014-04-12 10:14:00,91.292,236972.0,32.0
2014-04-12 10:19:00,92.916,256938.0,10.0
2014-04-12 10:24:00,95.334,236136.0,10.0
2014-04-12 10:29:00,94.208,256729.0,28.0
2014-04-12 10:34:00,96.292,234670.0,11.0
2014-04-12 10:39:00,94.416,234200.0,8.0
2014-04-12 10:44:00,92.974,253754.0,9.0
2014-04-12 10:49:00,94.25,237412.0,36.0
2014-04-12 10:54:00,97.708,250319.0,112.0
2014-04-12 10:59:00,95.096,3215960.0,7.0
2014-04-12 11:04:00,95.406,292090.0,111.0
2014-04-12 11:09:00,94.572,3224360.0,30.0
2014-04-12 11:14:00,95.494,236701.0,56.0
2014-04-12 11:19:00,94.208,227057.0,70.0
2014-04-12 11:24:00,94.124,257728.0,14.0
2014-04-12 11:29:00,95.046,239293.0,57.0
2014-04-12 11:34:00,96.584,235845.0,49.0
2014-04-12 11:39:00,94.432,251200.0,37.0
2014-04-12 11:44:00,96.43,237458.0,53.0
2014-04-12 11:49:00,97.042,247151.0,18.0
2014-04-12 11:54:00,96.312,232946.0,10.0
2014-04-12 11:59:00,95.292,3243070.0,94.0
2014-04-12 12:04:00,94.042,248976.0,57.0
2014-04-12 12:09:00,96.78,3242090.0,124.0
2014-04-12 12:14:00,95.666,241318.0,27.0
2014-04-12 12:19:00,95.0,258786.0,10.0
2014-04-12 12:24:00,94.672,242851.0,9.0
2014-04-12 12:29:00,95.75,233124.0,13.0
2014-04-12 12:34:00,96.834,260257.0,123.0
2014-04-12 12:39:00,95.876,237194.0,91.0
2014-04-12 12:44:00,95.834,241907.0,81.0
2014-04-12 12:49:00,95.958,223401.0,47.0
2014-04-12 12:54:00,93.03,265658.0,21.0
2014-04-12 12:59:00,93.042,3226760.0,11.0
2014-04-12 13:04:00,96.166,269071.0,19.0
2014-04-12 13:09:00,96.0,3234160.0,82.0
2014-04-12 13:14:00,96.334,247154.0,69.0
2014-04-12 13:19:00,95.126,239909.0,160.0
2014-04-12 13:24:00,94.25,251001.0,75.0
2014-04-12 13:29:00,93.334,245427.0,23.0
2014-04-12 13:34:00,95.124,245271.0,79.0
2014-04-12 13:39:00,95.626,243777.0,79.0
2014-04-12 13:44:00,95.542,229951.0,97.0
2014-04-12 13:49:00,96.126,261331.0,294.0
2014-04-12 13:54:00,92.718,238705.0,59.0
2014-04-12 13:59:00,96.292,3235200.0,39.0
2014-04-12 14:04:00,94.916,238669.0,37.0
2014-04-12 14:09:00,96.416,3238220.0,99.0
2014-04-12 14:14:00,92.166,241383.0,71.0
2014-04-12 14:19:00,93.666,242915.0,22.0
2014-04-12 14:24:00,95.292,242803.0,37.0
2014-04-12 14:29:00,95.25,252122.0,87.0
2014-04-12 14:34:00,94.334,245866.0,20.0
2014-04-12 14:39:00,93.126,244874.0,56.0
2014-04-12 14:44:00,96.876,259231.0,67.0
2014-04-12 14:49:00,94.458,237485.0,72.0
2014-04-12 14:54:00,93.958,251142.0,98.0
2014-04-12 14:59:00,96.376,3266010.0,95.0
2014-04-12 15:04:00,92.766,268978.0,44.0
2014-04-12 15:09:00,95.49,3219550.0,84.0
2014-04-12 15:14:00,92.452,250667.0,108.0
2014-04-12 15:19:00,92.126,226590.0,86.0
2014-04-12 15:24:00,95.062,250937.0,10.0
2014-04-12 15:29:00,95.064,257391.0,12.0
2014-04-12 15:34:00,92.75,239186.0,117.0
2014-04-12 15:39:00,94.854,265730.0,34.0
2014-04-12 15:44:00,96.812,244336.0,89.0
2014-04-12 15:49:00,93.456,273484.0,37.0
2014-04-12 15:54:00,94.496,260826.0,38.0
2014-04-12 15:59:00,94.638,3212430.0,26.0
2014-04-12 16:04:00,94.874,250041.0,10.0
2014-04-12 16:09:00,94.876,3229480.0,9.0
2014-04-12 16:14:00,93.084,252372.0,33.0
2014-04-12 16:19:00,94.666,228633.0,18.0
2014-04-12 16:24:00,94.868,253911.0,9.0
2014-04-12 16:29:00,95.126,255604.0,62.0
2014-04-12 16:34:00,91.542,252911.0,14.0
2014-04-12 16:39:00,88.97200000000002,240502.0,8.0
2014-04-12 16:44:00,91.788,251820.0,18.0
2014-04-12 16:49:00,93.126,244606.0,27.0
2014-04-12 16:54:00,93.956,258127.0,97.0
2014-04-12 16:59:00,94.334,3241530.0,131.0
2014-04-12 17:04:00,93.238,268252.0,37.0
2014-04-12 17:09:00,94.042,3224900.0,159.0
2014-04-12 17:14:00,97.25,249406.0,156.0
2014-04-12 17:19:00,93.876,247141.0,288.0
2014-04-12 17:24:00,97.382,251762.0,145.0
2014-04-12 17:29:00,96.664,249979.0,162.0
2014-04-12 17:34:00,97.004,246418.0,381.0
2014-04-12 17:39:00,96.876,251186.0,153.0
2014-04-12 17:44:00,95.042,244801.0,187.0
2014-04-12 17:49:00,95.458,253899.0,194.0
2014-04-12 17:54:00,96.792,238998.0,283.0
2014-04-12 17:59:00,93.042,3246630.0,381.0
2014-04-12 18:04:00,96.642,268530.0,33.0
2014-04-12 18:09:00,95.436,3231320.0,30.0
2014-04-12 18:14:00,95.312,238892.0,107.0
2014-04-12 18:19:00,94.5,236885.0,93.0
2014-04-12 18:24:00,94.782,257800.0,14.0
2014-04-12 18:29:00,94.65,247053.0,19.0
2014-04-12 18:34:00,89.28399999999998,259031.0,71.0
2014-04-12 18:39:00,90.51,235208.0,48.0
2014-04-12 18:44:00,91.334,255852.0,116.0
2014-04-12 18:49:00,95.166,239466.0,69.0
2014-04-12 18:54:00,94.292,241280.0,33.0
2014-04-12 18:59:00,93.834,3238610.0,102.0
2014-04-12 19:04:00,95.542,247743.0,56.0
2014-04-12 19:09:00,94.794,3247390.0,47.0
2014-04-12 19:14:00,95.018,263945.0,34.0
2014-04-12 19:19:00,94.876,223067.0,158.0
2014-04-12 19:24:00,96.084,242767.0,76.0
2014-04-12 19:29:00,95.042,255704.0,24.0
2014-04-12 19:34:00,93.584,239505.0,8.0
2014-04-12 19:39:00,95.668,257739.0,58.0
2014-04-12 19:44:00,95.666,238905.0,34.0
2014-04-12 19:49:00,95.042,232952.0,13.0
2014-04-12 19:54:00,95.702,253479.0,78.0
2014-04-12 19:59:00,94.912,3228590.0,105.0
2014-04-12 20:04:00,94.512,258699.0,30.0
2014-04-12 20:09:00,94.542,3238250.0,31.0
2014-04-12 20:14:00,93.204,248249.0,80.0
2014-04-12 20:19:00,96.506,244941.0,78.0
2014-04-12 20:24:00,93.88,260855.0,57.0
2014-04-12 20:29:00,95.702,229059.0,63.0
2014-04-12 20:34:00,93.666,252070.0,174.0
2014-04-12 20:39:00,91.834,250179.0,11.0
2014-04-12 20:44:00,95.572,234909.0,95.0
2014-04-12 20:49:00,94.334,262628.0,110.0
2014-04-12 20:54:00,95.542,244432.0,54.0
2014-04-12 20:59:00,96.084,3253610.0,13.0
2014-04-12 21:04:00,95.334,249921.0,17.0
2014-04-12 21:09:00,94.376,3234240.0,22.0
2014-04-12 21:14:00,92.248,245451.0,128.0
2014-04-12 21:19:00,95.626,257676.0,39.0
2014-04-12 21:24:00,93.624,254384.0,43.0
2014-04-12 21:29:00,92.38,258928.0,73.0
2014-04-12 21:34:00,92.374,225973.0,59.0
2014-04-12 21:39:00,95.708,248062.0,137.0
2014-04-12 21:44:00,94.586,252026.0,69.0
2014-04-12 21:49:00,92.586,239174.0,18.0
2014-04-12 21:54:00,91.458,271910.0,84.0
2014-04-12 21:59:00,95.292,3240900.0,8.0
2014-04-12 22:04:00,96.0,265367.0,21.0
2014-04-12 22:09:00,96.708,3232380.0,2.0
2014-04-12 22:14:00,91.708,267969.0,190.0
2014-04-12 22:19:00,93.772,245214.0,79.0
2014-04-12 22:24:00,96.734,259969.0,20.0
2014-04-12 22:29:00,94.416,241839.0,7.0
2014-04-12 22:34:00,94.0,248567.0,7.0
2014-04-12 22:39:00,95.54,251078.0,105.0
2014-04-12 22:44:00,95.166,245016.0,54.0
2014-04-12 22:49:00,95.58,262516.0,40.0
2014-04-12 22:54:00,96.418,243620.0,6.0
2014-04-12 22:59:00,92.856,3262360.0,12.0
2014-04-12 23:04:00,94.604,251770.0,62.0
2014-04-12 23:09:00,91.876,3255880.0,101.0
2014-04-12 23:14:00,92.708,246521.0,14.0
2014-04-12 23:19:00,94.416,257255.0,12.0
2014-04-12 23:24:00,92.402,253634.0,36.0
2014-04-12 23:29:00,96.624,239959.0,13.0
2014-04-12 23:34:00,96.584,252233.0,154.0
2014-04-12 23:39:00,94.666,232607.0,40.0
2014-04-12 23:44:00,96.042,268876.0,77.0
2014-04-12 23:49:00,93.972,237627.0,51.0
2014-04-12 23:54:00,99.118,248714.0,60.0
2014-04-12 23:59:00,95.042,3239780.0,3.0
2014-04-13 00:04:00,95.318,264484.0,1.0
2014-04-13 00:09:00,96.126,3221170.0,14.0
2014-04-13 00:14:00,94.34,257621.0,6.0
2014-04-13 00:19:00,95.85,243913.0,20.0
2014-04-13 00:24:00,94.042,252722.0,31.0
2014-04-13 00:29:00,94.0,250845.0,9.0
2014-04-13 00:34:00,93.542,237929.0,61.0
2014-04-13 00:39:00,96.666,262630.0,33.0
2014-04-13 00:44:00,97.292,229879.0,7.0
2014-04-13 00:49:00,95.75,251109.0,5.0
2014-04-13 00:54:00,96.416,244945.0,60.0
2014-04-13 00:59:00,95.528,3258040.0,125.0
2014-04-13 01:04:00,96.136,239235.0,138.0
2014-04-13 01:09:00,95.148,3255800.0,136.0
2014-04-13 01:14:00,93.518,233708.0,3.0
2014-04-13 01:19:00,94.458,241161.0,6.0
2014-04-13 01:24:00,96.042,262493.0,48.0
2014-04-13 01:29:00,95.874,236477.0,140.0
2014-04-13 01:34:00,95.598,260941.0,11.0
2014-04-13 01:39:00,96.042,240957.0,9.0
2014-04-13 01:44:00,95.75,238547.0,9.0
2014-04-13 01:49:00,93.166,250110.0,57.0
2014-04-13 01:54:00,97.176,266236.0,34.0
2014-04-13 01:59:00,93.874,3233970.0,8.0
2014-04-13 02:04:00,93.666,252152.0,2.0
2014-04-13 02:09:00,96.39,3236800.0,31.0
2014-04-13 02:14:00,94.124,253102.0,49.0
2014-04-13 02:19:00,93.736,237171.0,18.0
2014-04-13 02:24:00,95.708,244675.0,22.0
2014-04-13 02:29:00,96.166,236178.0,29.0
2014-04-13 02:34:00,95.708,243647.0,118.0
2014-04-13 02:39:00,95.666,253757.0,89.0
2014-04-13 02:44:00,96.208,247602.0,5.0
2014-04-13 02:49:00,95.166,250890.0,94.0
2014-04-13 02:54:00,96.642,248602.0,37.0
2014-04-13 02:59:00,96.666,3255100.0,34.0
2014-04-13 03:04:00,93.624,248113.0,58.0
2014-04-13 03:09:00,94.5,3284780.0,10.0
2014-04-13 03:14:00,95.396,260754.0,30.0
2014-04-13 03:19:00,92.774,219839.0,4.0
2014-04-13 03:24:00,94.958,254068.0,7.0
2014-04-13 03:29:00,94.916,229355.0,38.0
2014-04-13 03:34:00,94.334,257058.0,111.0
2014-04-13 03:39:00,95.94,262446.0,18.0
2014-04-13 03:49:00,96.75,2271080.0,1.0
2014-04-13 03:54:00,95.542,259978.0,47.0
2014-04-13 03:59:00,95.126,3230890.0,114.0
2014-04-13 04:04:00,95.21,248757.0,3.0
2014-04-13 04:09:00,93.888,3258180.0,6.0
2014-04-13 04:14:00,93.012,228558.0,37.0
2014-04-13 04:19:00,95.292,267060.0,1.0
2014-04-13 04:24:00,94.0,241959.0,20.0
2014-04-13 04:29:00,95.042,273871.0,81.0
2014-04-13 04:34:00,94.124,239560.0,22.0
2014-04-13 04:39:00,89.916,266201.0,133.0
2014-04-13 04:44:00,94.138,248236.0,6.0
2014-04-13 04:49:00,95.084,252657.0,1.0
2014-04-13 04:54:00,94.816,251742.0,10.0
2014-04-13 04:59:00,95.814,3236980.0,42.0
2014-04-13 05:04:00,93.794,268579.0,42.0
2014-04-13 05:09:00,92.142,3319490.0,11.0
2014-04-13 05:14:00,92.348,266101.0,261.0
2014-04-13 05:19:00,96.01,243991.0,6.0
2014-04-13 05:24:00,94.708,251850.0,7.0
2014-04-13 05:29:00,94.75,251105.0,55.0
2014-04-13 05:34:00,93.834,257054.0,35.0
2014-04-13 05:39:00,97.042,250622.0,42.0
2014-04-13 05:44:00,94.874,253562.0,108.0
2014-04-13 05:49:00,93.65,250469.0,3.0
2014-04-13 05:54:00,93.94,240984.0,17.0
2014-04-13 05:59:00,95.466,3257310.0,10.0
2014-04-13 06:04:00,96.538,243435.0,17.0
2014-04-13 06:09:00,94.542,3244700.0,3.0
2014-04-13 06:14:00,92.192,251797.0,41.0
2014-04-13 06:19:00,95.372,242999.0,58.0
2014-04-13 06:24:00,94.584,253667.0,7.0
2014-04-13 06:29:00,97.036,245419.0,28.0
2014-04-13 06:34:00,93.084,238899.0,57.0
2014-04-13 06:39:00,94.4,264696.0,6.0
2014-04-13 06:44:00,92.402,249501.0,44.0
2014-04-13 06:49:00,94.82,232831.0,6.0
2014-04-13 06:54:00,92.354,267964.0,2.0
2014-04-13 06:59:00,91.814,3249990.0,80.0
2014-04-13 07:04:00,87.958,259527.0,29.0
2014-04-13 07:09:00,93.206,3238240.0,3.0
2014-04-13 07:14:00,94.902,260225.0,3.0
2014-04-13 07:19:00,88.834,239487.0,3.0
2014-04-13 07:24:00,90.666,249820.0,32.0
2014-04-13 07:29:00,90.584,243441.0,4.0
2014-04-13 07:34:00,92.374,252087.0,30.0
2014-04-13 07:39:00,93.5,249695.0,22.0
2014-04-13 07:44:00,92.376,241480.0,5.0
2014-04-13 07:49:00,85.818,260207.0,68.0
2014-04-13 07:54:00,91.72,251933.0,16.0
2014-04-13 07:59:00,89.25,3240240.0,5.0
2014-04-13 08:04:00,91.166,252160.0,31.0
2014-04-13 08:09:00,90.5,3247100.0,2.0
2014-04-13 08:14:00,90.916,242626.0,11.0
2014-04-13 08:19:00,90.584,258707.0,1.0
2014-04-13 08:24:00,93.292,231018.0,118.0
2014-04-13 08:29:00,93.876,261194.0,82.0
2014-04-13 08:34:00,92.126,235631.0,73.0
2014-04-13 08:39:00,90.292,249281.0,16.0
2014-04-13 08:44:00,91.636,256689.0,90.0
2014-04-13 08:49:00,91.21,238528.0,8.0
2014-04-13 08:54:00,93.156,262248.0,7.0
2014-04-13 08:59:00,90.084,3240490.0,18.0
2014-04-13 09:04:00,88.416,251283.0,7.0
2014-04-13 09:09:00,90.042,3227320.0,36.0
2014-04-13 09:14:00,90.126,256052.0,35.0
2014-04-13 09:19:00,88.584,226626.0,38.0
2014-04-13 09:24:00,90.626,256158.0,98.0
2014-04-13 09:29:00,89.834,242633.0,141.0
2014-04-13 09:34:00,92.334,243717.0,53.0
2014-04-13 09:39:00,88.084,251162.0,57.0
2014-04-13 09:44:00,94.964,240877.0,34.0
2014-04-13 09:49:00,94.416,261025.0,77.0
2014-04-13 09:54:00,89.666,245658.0,55.0
2014-04-13 09:59:00,90.084,3252100.0,12.0
2014-04-13 10:04:00,87.292,236063.0,12.0
2014-04-13 10:09:00,93.834,3239200.0,55.0
2014-04-13 10:14:00,92.0,237628.0,11.0
2014-04-13 10:19:00,91.11,259796.0,11.0
2014-04-13 10:24:00,88.07,251316.0,39.0
2014-04-13 10:29:00,90.542,242875.0,7.0
2014-04-13 10:34:00,93.834,254477.0,51.0
2014-04-13 10:39:00,92.542,248382.0,12.0
2014-04-13 10:44:00,90.126,246525.0,17.0
2014-04-13 10:49:00,90.708,240007.0,157.0
2014-04-13 10:54:00,91.084,269959.0,73.0
2014-04-13 10:59:00,91.708,3233790.0,18.0
2014-04-13 11:04:00,92.124,256958.0,5.0
2014-04-13 11:09:00,90.958,3221950.0,63.0
2014-04-13 11:14:00,90.626,255516.0,44.0
2014-04-13 11:19:00,90.5,241014.0,77.0
2014-04-13 11:24:00,92.75,244072.0,39.0
2014-04-13 11:29:00,93.44,257380.0,11.0
2014-04-13 11:34:00,95.262,244383.0,52.0
2014-04-13 11:39:00,92.208,257467.0,63.0
2014-04-13 11:44:00,93.338,247320.0,8.0
2014-04-13 11:49:00,94.292,253115.0,87.0
2014-04-13 11:54:00,94.836,247766.0,72.0
2014-04-13 11:59:00,94.624,3236930.0,30.0
2014-04-13 12:04:00,93.166,240256.0,7.0
2014-04-13 12:09:00,96.376,3255640.0,9.0
2014-04-13 12:14:00,93.824,250895.0,16.0
2014-04-13 12:19:00,95.542,226420.0,8.0
2014-04-13 12:24:00,94.584,267511.0,12.0
2014-04-13 12:29:00,93.24,237518.0,97.0
2014-04-13 12:34:00,93.094,249753.0,12.0
2014-04-13 12:39:00,94.458,255457.0,50.0
2014-04-13 12:44:00,92.416,246707.0,8.0
2014-04-13 12:49:00,92.97,238203.0,57.0
2014-04-13 12:54:00,98.078,266068.0,63.0
2014-04-13 12:59:00,94.172,3224110.0,9.0
2014-04-13 13:04:00,93.006,288656.0,38.0
2014-04-13 13:09:00,93.956,3221660.0,13.0
2014-04-13 13:14:00,95.126,252607.0,8.0
2014-04-13 13:19:00,93.36,240767.0,44.0
2014-04-13 13:24:00,91.708,237554.0,9.0
2014-04-13 13:29:00,94.542,260285.0,127.0
2014-04-13 13:34:00,93.11,238979.0,10.0
2014-04-13 13:39:00,93.916,258649.0,49.0
2014-04-13 13:44:00,93.792,229923.0,34.0
2014-04-13 13:49:00,94.82,253306.0,9.0
2014-04-13 13:54:00,95.654,254196.0,9.0
2014-04-13 13:59:00,94.47,3250310.0,75.0
2014-04-13 14:04:00,93.772,245628.0,64.0
2014-04-13 14:09:00,95.458,3228560.0,166.0
2014-04-13 14:14:00,94.416,258316.0,51.0
2014-04-13 14:19:00,94.298,238328.0,9.0
2014-04-13 14:24:00,91.842,253330.0,13.0
2014-04-13 14:29:00,94.798,238631.0,173.0
2014-04-13 14:34:00,96.28,250253.0,212.0
2014-04-13 14:39:00,95.042,240730.0,84.0
2014-04-13 14:44:00,95.25,257320.0,20.0
2014-04-13 14:49:00,96.376,243771.0,37.0
2014-04-13 14:54:00,95.208,275431.0,210.0
2014-04-13 14:59:00,93.478,3241840.0,68.0
2014-04-13 15:04:00,94.586,252521.0,136.0
2014-04-13 15:09:00,93.622,3247290.0,196.0
2014-04-13 15:14:00,93.834,230172.0,12.0
2014-04-13 15:19:00,94.834,257449.0,24.0
2014-04-13 15:24:00,93.652,247812.0,69.0
2014-04-13 15:29:00,93.762,259260.0,21.0
2014-04-13 15:34:00,92.762,241602.0,10.0
2014-04-13 15:39:00,94.584,250854.0,16.0
2014-04-13 15:44:00,92.792,241955.0,131.0
2014-04-13 15:49:00,94.084,261971.0,12.0
2014-04-13 15:54:00,92.766,256386.0,11.0
2014-04-13 15:59:00,94.916,3231220.0,21.0
2014-04-13 16:04:00,93.8,273132.0,179.0
2014-04-13 16:09:00,93.124,3242380.0,37.0
2014-04-13 16:14:00,93.208,257765.0,8.0
2014-04-13 16:19:00,94.624,253928.0,26.0
2014-04-13 16:24:00,97.166,271604.0,50.0
2014-04-13 16:29:00,96.208,246087.0,64.0
2014-04-13 16:34:00,93.562,268441.0,12.0
2014-04-13 16:39:00,93.34,245622.0,121.0
2014-04-13 16:44:00,94.192,262116.0,39.0
2014-04-13 16:49:00,95.042,230303.0,133.0
2014-04-13 16:54:00,93.834,245845.0,200.0
2014-04-13 16:59:00,95.374,3252220.0,133.0
2014-04-13 17:04:00,95.872,242016.0,151.0
2014-04-13 17:09:00,97.166,3261850.0,29.0
2014-04-13 17:14:00,93.822,255013.0,203.0
2014-04-13 17:19:00,94.992,252346.0,99.0
2014-04-13 17:24:00,93.542,248963.0,18.0
2014-04-13 17:29:00,96.48,260418.0,66.0
2014-04-13 17:34:00,94.542,243351.0,40.0
2014-04-13 17:39:00,94.462,271355.0,82.0
2014-04-13 17:44:00,94.828,251294.0,9.0
2014-04-13 17:49:00,94.958,226718.0,66.0
2014-04-13 17:54:00,95.834,268437.0,11.0
2014-04-13 17:59:00,96.626,3233020.0,87.0
2014-04-13 18:04:00,95.334,256032.0,57.0
2014-04-13 18:09:00,94.584,3255440.0,12.0
2014-04-13 18:14:00,92.63,260018.0,60.0
2014-04-13 18:19:00,97.558,239642.0,63.0
2014-04-13 18:24:00,96.294,262088.0,124.0
2014-04-13 18:29:00,94.916,251806.0,103.0
2014-04-13 18:34:00,94.458,248498.0,72.0
2014-04-13 18:39:00,93.936,255248.0,188.0
2014-04-13 18:44:00,95.126,248198.0,113.0
2014-04-13 18:49:00,95.5,250553.0,85.0
2014-04-13 18:54:00,94.692,245044.0,57.0
2014-04-13 18:59:00,95.086,3257440.0,70.0
2014-04-13 19:04:00,94.542,252943.0,9.0
2014-04-13 19:09:00,95.626,3245980.0,17.0
2014-04-13 19:14:00,94.084,233187.0,94.0
2014-04-13 19:19:00,97.584,255574.0,10.0
2014-04-13 19:24:00,94.308,256643.0,41.0
2014-04-13 19:29:00,93.92,247717.0,47.0
2014-04-13 19:34:00,94.134,244907.0,175.0
2014-04-13 19:39:00,93.672,247128.0,77.0
2014-04-13 19:44:00,95.278,247600.0,11.0
2014-04-13 19:49:00,95.102,248156.0,77.0
2014-04-13 19:54:00,93.916,265150.0,23.0
2014-04-13 19:59:00,94.606,3233210.0,8.0
2014-04-13 20:04:00,94.168,265336.0,14.0
2014-04-13 20:09:00,95.75,3230190.0,76.0
2014-04-13 20:14:00,94.678,252375.0,104.0
2014-04-13 20:19:00,95.166,243211.0,100.0
2014-04-13 20:24:00,95.18,251390.0,98.0
2014-04-13 20:29:00,94.376,245563.0,15.0
2014-04-13 20:34:00,92.958,228244.0,64.0
2014-04-13 20:39:00,95.084,254345.0,90.0
2014-04-13 20:44:00,95.126,240311.0,54.0
2014-04-13 20:49:00,93.96,259417.0,73.0
2014-04-13 20:54:00,93.584,249510.0,116.0
2014-04-13 20:59:00,94.156,3237050.0,57.0
2014-04-13 21:09:00,93.99,3254990.0,146.0
2014-04-13 21:14:00,93.274,243685.0,73.0
2014-04-13 21:19:00,94.162,232350.0,56.0
2014-04-13 21:24:00,94.0,254957.0,35.0
2014-04-13 21:29:00,95.0,247025.0,57.0
2014-04-13 21:34:00,96.584,254224.0,4.0
2014-04-13 21:39:00,92.75,258667.0,69.0
2014-04-13 21:44:00,94.458,249934.0,107.0
2014-04-13 21:49:00,97.29,252552.0,114.0
2014-04-13 21:54:00,93.75,257755.0,78.0
2014-04-13 21:59:00,94.666,3234060.0,38.0
2014-04-13 22:04:00,95.082,243386.0,16.0
2014-04-13 22:09:00,93.714,3238850.0,16.0
2014-04-13 22:14:00,93.894,254191.0,126.0
2014-04-13 22:19:00,93.966,245248.0,6.0
2014-04-13 22:24:00,96.238,248947.0,51.0
2014-04-13 22:29:00,94.006,246963.0,4.0
2014-04-13 22:34:00,94.996,234151.0,102.0
2014-04-13 22:39:00,96.0,255304.0,9.0
2014-04-13 22:44:00,93.416,244506.0,8.0
2014-04-13 22:49:00,94.19,255814.0,21.0
2014-04-13 22:54:00,97.694,240847.0,60.0
2014-04-13 22:59:00,95.834,3320290.0,120.0
2014-04-13 23:04:00,92.502,255712.0,220.0
2014-04-13 23:09:00,94.862,3259450.0,56.0
2014-04-13 23:14:00,95.628,246759.0,13.0
2014-04-13 23:19:00,95.15,235111.0,31.0
2014-04-13 23:24:00,93.75,271629.0,66.0
2014-04-13 23:29:00,94.166,241744.0,62.0
2014-04-13 23:34:00,94.374,253261.0,66.0
2014-04-13 23:39:00,96.508,253960.0,5.0
2014-04-13 23:44:00,94.924,250184.0,3.0
2014-04-13 23:49:00,95.584,235084.0,18.0
2014-04-13 23:54:00,93.054,271726.0,4.0
2014-04-13 23:59:00,93.666,3237680.0,7.0
2014-04-14 00:09:00,92.958,3243310.0,7.0
2014-04-14 00:14:00,91.542,247380.0,7.0
2014-04-14 00:19:00,92.004,253436.0,5.0
2014-04-14 00:24:00,95.166,249854.0,89.0
2014-04-14 00:29:00,93.666,258505.0,17.0
2014-04-14 00:34:00,92.804,234949.0,82.0
2014-04-14 00:39:00,93.75,253681.0,84.0
2014-04-14 00:44:00,94.596,241614.0,64.0
2014-04-14 00:49:00,95.208,251072.0,63.0
2014-04-14 00:54:00,93.916,249267.0,48.0
2014-04-14 00:59:00,93.334,3249270.0,34.0
2014-04-14 01:04:00,93.708,262681.0,41.0
2014-04-14 01:09:00,93.292,3242960.0,7.0
2014-04-14 01:14:00,93.162,253501.0,155.0
2014-04-14 01:19:00,96.004,241007.0,66.0
2014-04-14 01:24:00,95.858,254218.0,14.0
2014-04-14 01:29:00,93.708,241488.0,8.0
2014-04-14 01:34:00,94.928,260913.0,57.0
2014-04-14 01:39:00,95.566,245215.0,105.0
2014-04-14 01:44:00,95.374,251380.0,31.0
2014-04-14 01:49:00,96.396,240336.0,12.0
2014-04-14 01:54:00,97.084,251681.0,11.0
2014-04-14 01:59:00,95.042,3237150.0,59.0
2014-04-14 02:04:00,94.584,274330.0,59.0
2014-04-14 02:09:00,97.374,3222630.0,16.0
2014-04-14 02:14:00,96.124,243638.0,7.0
2014-04-14 02:19:00,93.708,255884.0,141.0
2014-04-14 02:24:00,94.5,243239.0,65.0
2014-04-14 02:29:00,95.32,258277.0,12.0
2014-04-14 02:34:00,94.292,240959.0,6.0
2014-04-14 02:39:00,94.758,266413.0,85.0
2014-04-14 02:44:00,93.708,226564.0,7.0
2014-04-14 02:49:00,94.5,257943.0,88.0
2014-04-14 02:54:00,94.792,241036.0,9.0
2014-04-14 02:59:00,92.542,3228220.0,16.0
2014-04-14 03:04:00,93.97,270504.0,6.0
2014-04-14 03:09:00,96.626,3236080.0,29.0
2014-04-14 03:14:00,96.792,249686.0,100.0
2014-04-14 03:19:00,92.274,233765.0,32.0
2014-04-14 03:24:00,93.666,246757.0,59.0
2014-04-14 03:29:00,96.834,3228160.0,6.0
2014-04-14 03:34:00,94.828,248919.0,18.0
2014-04-14 03:39:00,96.914,235369.0,52.0
2014-04-14 03:44:00,92.916,257814.0,161.0
2014-04-14 03:49:00,93.292,238726.0,105.0
2014-04-14 03:54:00,95.768,263029.0,12.0
2014-04-14 03:59:00,95.646,3236520.0,57.0
2014-04-14 04:04:00,94.148,248720.0,53.0
2014-04-14 04:09:00,93.648,3257700.0,66.0
2014-04-14 04:14:00,96.098,233011.0,42.0
2014-04-14 04:19:00,94.792,251556.0,6.0
2014-04-14 04:24:00,93.916,238617.0,7.0
2014-04-14 04:29:00,93.292,261755.0,26.0
2014-04-14 04:34:00,94.334,225593.0,6.0
2014-04-14 04:39:00,95.282,255809.0,12.0
2014-04-14 04:44:00,94.874,244315.0,18.0
2014-04-14 04:49:00,95.834,230856.0,25.0
2014-04-14 04:54:00,94.792,259247.0,158.0
2014-04-14 04:59:00,95.626,3245960.0,7.0
2014-04-14 05:04:00,96.666,261744.0,47.0
2014-04-14 05:09:00,96.0,3237500.0,168.0
2014-04-14 05:14:00,95.708,248712.0,54.0
2014-04-14 05:19:00,94.468,250321.0,57.0
2014-04-14 05:24:00,94.208,255288.0,79.0
2014-04-14 05:29:00,94.292,246289.0,182.0
2014-04-14 05:34:00,97.77,254512.0,50.0
2014-04-14 05:39:00,97.248,247413.0,120.0
2014-04-14 05:44:00,96.872,241317.0,22.0
2014-04-14 05:49:00,92.908,262489.0,85.0
2014-04-14 05:54:00,94.386,237921.0,90.0
2014-04-14 05:59:00,95.822,3246580.0,12.0
2014-04-14 06:04:00,93.708,256207.0,33.0
2014-04-14 06:09:00,93.732,3235850.0,32.0
2014-04-14 06:14:00,93.978,244128.0,21.0
2014-04-14 06:19:00,95.376,258393.0,9.0
2014-04-14 06:24:00,93.128,244173.0,113.0
2014-04-14 06:29:00,94.166,259180.0,17.0
2014-04-14 06:34:00,97.248,239867.0,5.0
2014-04-14 06:39:00,94.626,257970.0,12.0
2014-04-14 06:44:00,97.26,248844.0,7.0
2014-04-14 06:49:00,95.376,229546.0,11.0
2014-04-14 06:54:00,94.542,251849.0,8.0
2014-04-14 06:59:00,97.874,3238740.0,8.0
2014-04-14 07:04:00,93.456,264761.0,5.0
2014-04-14 07:09:00,94.5,3224250.0,61.0
2014-04-14 07:14:00,96.708,262425.0,6.0
2014-04-14 07:19:00,94.304,243641.0,10.0
2014-04-14 07:24:00,93.932,253186.0,40.0
2014-04-14 07:29:00,93.168,245125.0,123.0
2014-04-14 07:34:00,96.424,244341.0,3.0
2014-04-14 07:39:00,95.6,254256.0,5.0
2014-04-14 07:44:00,95.084,244250.0,88.0
2014-04-14 07:49:00,96.136,257829.0,74.0
2014-04-14 07:54:00,95.416,249961.0,84.0
2014-04-14 07:59:00,93.424,3255920.0,61.0
2014-04-14 08:04:00,94.636,256583.0,47.0
2014-04-14 08:09:00,95.084,3243410.0,137.0
2014-04-14 08:14:00,94.958,242797.0,58.0
2014-04-14 08:19:00,94.292,266761.0,4.0
2014-04-14 08:24:00,94.708,240054.0,79.0
2014-04-14 08:29:00,96.468,247797.0,41.0
2014-04-14 08:34:00,95.958,243652.0,80.0
2014-04-14 08:39:00,94.416,246122.0,93.0
2014-04-14 08:44:00,93.25,261319.0,7.0
2014-04-14 08:49:00,94.416,246188.0,2.0
2014-04-14 08:54:00,94.626,273897.0,9.0
2014-04-14 08:59:00,94.85,3226560.0,1.0
2014-04-14 09:04:00,92.294,267619.0,38.0
2014-04-14 09:09:00,95.5,3222390.0,34.0
2014-04-14 09:14:00,94.042,267290.0,20.0
2014-04-14 09:19:00,93.508,246346.0,6.0
2014-04-14 09:24:00,92.77,258775.0,62.0
2014-04-14 09:29:00,92.63,247139.0,5.0
2014-04-14 09:34:00,94.862,239030.0,5.0
2014-04-14 09:39:00,93.666,264852.0,7.0
2014-04-14 09:44:00,94.534,245109.0,22.0
2014-04-14 09:49:00,94.25,247650.0,9.0
2014-04-14 09:54:00,96.124,255217.0,8.0
2014-04-14 09:59:00,93.334,3256740.0,60.0
2014-04-14 10:04:00,96.53,252297.0,84.0
2014-04-14 10:09:00,91.958,3255140.0,9.0
2014-04-14 10:14:00,93.708,245207.0,12.0
2014-04-14 10:19:00,95.958,261411.0,61.0
2014-04-14 10:24:00,94.5,248442.0,77.0
2014-04-14 10:29:00,95.708,234227.0,34.0
2014-04-14 10:34:00,93.166,262916.0,43.0
2014-04-14 10:39:00,91.458,243965.0,34.0
2014-04-14 10:44:00,96.328,269786.0,119.0
2014-04-14 10:49:00,94.184,243424.0,41.0
2014-04-14 10:54:00,96.182,254331.0,5.0
2014-04-14 10:59:00,91.9,3225920.0,6.0
2014-04-14 11:04:00,92.542,274760.0,21.0
2014-04-14 11:09:00,94.22,3235040.0,169.0
2014-04-14 11:14:00,94.416,226882.0,29.0
2014-04-14 11:19:00,98.212,274551.0,64.0
2014-04-14 11:24:00,94.546,243678.0,93.0
2014-04-14 11:29:00,93.334,268744.0,7.0
2014-04-14 11:34:00,93.88,243537.0,11.0
2014-04-14 11:39:00,92.868,272854.0,62.0
2014-04-14 11:44:00,95.306,250481.0,54.0
2014-04-14 11:49:00,93.876,263026.0,4.0
2014-04-14 11:54:00,94.712,247761.0,5.0
2014-04-14 11:59:00,93.876,3241160.0,2.0
2014-04-14 12:04:00,95.876,247622.0,21.0
2014-04-14 12:09:00,96.708,3244430.0,56.0
2014-04-14 12:14:00,95.334,255419.0,17.0
2014-04-14 12:19:00,93.576,248049.0,18.0
2014-04-14 12:24:00,94.292,271746.0,192.0
2014-04-14 12:29:00,94.25,246256.0,68.0
2014-04-14 12:34:00,93.26,263923.0,9.0
2014-04-14 12:39:00,94.072,244058.0,59.0
2014-04-14 12:44:00,94.0,263818.0,32.0
2014-04-14 12:49:00,94.334,245562.0,79.0
2014-04-14 12:54:00,94.662,273713.0,76.0
2014-04-14 12:59:00,96.966,3223440.0,191.0
2014-04-14 13:04:00,93.626,257115.0,49.0
2014-04-14 13:09:00,93.874,3257980.0,57.0
2014-04-14 13:14:00,95.5,248855.0,104.0
2014-04-14 13:19:00,94.874,261345.0,8.0
2014-04-14 13:24:00,95.416,272407.0,177.0
2014-04-14 13:29:00,93.75,261660.0,164.0
2014-04-14 13:34:00,93.126,248905.0,66.0
2014-04-14 13:39:00,94.0,279150.0,36.0
2014-04-14 13:44:00,91.708,259640.0,71.0
2014-04-14 13:49:00,92.468,263080.0,35.0
2014-04-14 13:54:00,96.376,258559.0,100.0
2014-04-14 13:59:00,93.12,3250500.0,80.0
2014-04-14 14:04:00,90.606,247463.0,33.0
2014-04-14 14:09:00,94.958,3240320.0,196.0
2014-04-14 14:14:00,94.916,255462.0,203.0
2014-04-14 14:19:00,98.208,247251.0,188.0
2014-04-14 14:24:00,94.504,266930.0,164.0
2014-04-14 14:29:00,93.126,250313.0,150.0
2014-04-14 14:34:00,95.542,264478.0,86.0
2014-04-14 14:39:00,94.166,256915.0,89.0
2014-04-14 14:44:00,94.25,259946.0,53.0
2014-04-14 14:49:00,95.292,246235.0,88.0
2014-04-14 14:54:00,96.916,267462.0,125.0
2014-04-14 14:59:00,93.5,3255620.0,70.0
2014-04-14 15:04:00,96.25,246734.0,123.0
2014-04-14 15:09:00,96.0,3257930.0,63.0
2014-04-14 15:14:00,94.384,243800.0,43.0
2014-04-14 15:19:00,96.084,259471.0,167.0
2014-04-14 15:24:00,94.384,238407.0,93.0
2014-04-14 15:29:00,95.042,257799.0,72.0
2014-04-14 15:34:00,95.436,245794.0,46.0
2014-04-14 15:39:00,96.25,276265.0,65.0
2014-04-14 15:44:00,96.416,237681.0,28.0
2014-04-14 15:49:00,96.876,256126.0,135.0
2014-04-14 15:54:00,94.0,242674.0,221.0
2014-04-14 15:59:00,93.47,3230490.0,102.0
2014-04-14 16:04:00,95.224,263568.0,122.0
2014-04-14 16:09:00,94.084,3257080.0,13.0
2014-04-14 16:14:00,93.792,268001.0,20.0
2014-04-14 16:19:00,95.5,243584.0,21.0
2014-04-14 16:24:00,93.792,271558.0,10.0
2014-04-14 16:29:00,92.474,282275.0,92.0
2014-04-14 16:34:00,93.834,261742.0,75.0
2014-04-14 16:39:00,92.372,255371.0,11.0
2014-04-14 16:44:00,94.958,252028.0,10.0
2014-04-14 16:49:00,94.542,253957.0,43.0
2014-04-14 16:54:00,93.208,254325.0,135.0
2014-04-14 16:59:00,94.482,3260040.0,10.0
2014-04-14 17:04:00,93.192,264973.0,17.0
2014-04-14 17:09:00,93.642,3262910.0,58.0
2014-04-14 17:14:00,92.964,258360.0,122.0
2014-04-14 17:19:00,94.814,274360.0,250.0
2014-04-14 17:24:00,95.178,264174.0,128.0
2014-04-14 17:29:00,94.5,269493.0,219.0
2014-04-14 17:34:00,95.582,273387.0,114.0
2014-04-14 17:39:00,96.204,303109.0,130.0
2014-04-14 17:44:00,95.834,262509.0,64.0
2014-04-14 17:49:00,93.208,249190.0,76.0
2014-04-14 17:54:00,93.002,284020.0,9.0
2014-04-14 17:59:00,92.958,3239670.0,12.0
2014-04-14 18:04:00,96.272,285151.0,39.0
2014-04-14 18:09:00,95.404,3239010.0,49.0
2014-04-14 18:14:00,93.792,257909.0,44.0
2014-04-14 18:19:00,95.042,245175.0,91.0
2014-04-14 18:24:00,96.334,268181.0,116.0
2014-04-14 18:29:00,97.874,253455.0,32.0
2014-04-14 18:34:00,95.75,244791.0,253.0
2014-04-14 18:39:00,93.522,270364.0,10.0
2014-04-14 18:44:00,93.198,253782.0,163.0
2014-04-14 18:49:00,95.208,260633.0,152.0
2014-04-14 18:54:00,92.5,264177.0,39.0
2014-04-14 18:59:00,93.248,3257290.0,139.0
2014-04-14 19:04:00,93.584,251639.0,47.0
2014-04-14 19:09:00,94.364,3268590.0,10.0
2014-04-14 19:14:00,93.362,243895.0,13.0
2014-04-14 19:19:00,94.216,247579.0,54.0
2014-04-14 19:24:00,93.96,247561.0,102.0
2014-04-14 19:29:00,94.57,245308.0,56.0
2014-04-14 19:34:00,93.446,267430.0,64.0
2014-04-14 19:39:00,93.27,300265.0,47.0
2014-04-14 19:44:00,93.232,237502.0,239.0
2014-04-14 19:49:00,95.5,248129.0,120.0
2014-04-14 19:54:00,94.374,268456.0,157.0
2014-04-14 19:59:00,93.116,3234590.0,86.0
2014-04-14 20:04:00,93.402,263633.0,23.0
2014-04-14 20:09:00,92.44,3254340.0,42.0
2014-04-14 20:14:00,93.752,259956.0,18.0
2014-04-14 20:19:00,91.792,241698.0,197.0
2014-04-14 20:24:00,95.0,248046.0,78.0
2014-04-14 20:29:00,94.166,248998.0,74.0
2014-04-14 20:34:00,94.208,238273.0,100.0
2014-04-14 20:39:00,92.75,274783.0,65.0
2014-04-14 20:44:00,94.5,240688.0,182.0
2014-04-14 20:49:00,92.864,255276.0,72.0
2014-04-14 20:54:00,95.916,257031.0,154.0
2014-04-14 20:59:00,90.276,3255360.0,303.0
2014-04-14 21:04:00,93.22,249859.0,56.0
2014-04-14 21:09:00,97.042,3249660.0,77.0
2014-04-14 21:14:00,95.4,248563.0,229.0
2014-04-14 21:19:00,92.542,234449.0,202.0
2014-04-14 21:24:00,93.122,250409.0,72.0
2014-04-14 21:29:00,94.592,222676.0,6.0
2014-04-14 21:34:00,93.882,228328.0,62.0
2014-04-14 21:39:00,94.0,234785.0,69.0
2014-04-14 21:44:00,93.084,237276.0,8.0
2014-04-14 21:49:00,95.292,222864.0,12.0
2014-04-14 21:54:00,98.466,261360.0,6.0
2014-04-14 21:59:00,94.996,3216950.0,89.0
2014-04-14 22:04:00,95.632,254451.0,36.0
2014-04-14 22:09:00,96.782,3221190.0,86.0
2014-04-14 22:14:00,95.578,218554.0,253.0
2014-04-14 22:19:00,92.87,241390.0,54.0
2014-04-14 22:24:00,96.208,239855.0,15.0
2014-04-14 22:29:00,91.792,225635.0,7.0
2014-04-14 22:34:00,95.166,242242.0,12.0
2014-04-14 22:39:00,95.584,238559.0,52.0
2014-04-14 22:44:00,94.874,227698.0,4.0
2014-04-14 22:49:00,95.876,241768.0,42.0
2014-04-14 22:54:00,96.334,236803.0,63.0
2014-04-14 22:59:00,92.916,3227870.0,176.0
2014-04-14 23:04:00,95.542,231687.0,38.0
2014-04-14 23:09:00,94.416,3218590.0,43.0
2014-04-14 23:14:00,92.834,235358.0,30.0
2014-04-14 23:19:00,93.958,230174.0,26.0
2014-04-14 23:24:00,93.266,245502.0,4.0
2014-04-14 23:29:00,95.25,228695.0,47.0
2014-04-14 23:34:00,95.142,246371.0,19.0
2014-04-14 23:39:00,94.306,220510.0,33.0
2014-04-14 23:44:00,95.792,247599.0,167.0
2014-04-14 23:49:00,94.916,216184.0,99.0
2014-04-14 23:54:00,93.198,264045.0,77.0
2014-04-14 23:59:00,94.376,3220950.0,136.0
2014-04-15 00:04:00,95.46,235197.0,5.0
2014-04-15 00:09:00,95.956,3251430.0,3.0
2014-04-15 00:14:00,95.682,233712.0,26.0
2014-04-15 00:19:00,93.218,239937.0,155.0
2014-04-15 00:24:00,94.584,234934.0,109.0
2014-04-15 00:29:00,96.584,250453.0,142.0
2014-04-15 00:34:00,96.458,223365.0,10.0
2014-04-15 00:39:00,93.792,251789.0,4.0
2014-04-15 00:44:00,93.084,224792.0,55.0
2014-04-15 00:49:00,93.792,244355.0,57.0
2014-04-15 00:54:00,94.75,231851.0,14.0
2014-04-15 00:59:00,91.942,3236930.0,84.0
2014-04-15 01:04:00,94.334,249971.0,8.0
2014-04-15 01:09:00,92.92,3210910.0,44.0
2014-04-15 01:14:00,93.958,244898.0,190.0
2014-04-15 01:19:00,91.478,214081.0,78.0
2014-04-15 01:24:00,94.708,247575.0,28.0
2014-04-15 01:29:00,93.628,225824.0,8.0
2014-04-15 01:34:00,91.75,236859.0,35.0
2014-04-15 01:39:00,93.834,239795.0,23.0
2014-04-15 01:44:00,94.394,235576.0,139.0
2014-04-15 01:49:00,92.834,232808.0,32.0
2014-04-15 01:54:00,95.852,253999.0,107.0
2014-04-15 01:59:00,94.406,3214860.0,94.0
2014-04-15 02:04:00,93.584,240742.0,144.0
2014-04-15 02:09:00,92.25,3226340.0,22.0
2014-04-15 02:14:00,96.764,247431.0,3.0
2014-04-15 02:19:00,96.772,236062.0,110.0
2014-04-15 02:24:00,93.584,233359.0,44.0
2014-04-15 02:29:00,93.5,245841.0,5.0
2014-04-15 02:34:00,93.792,236469.0,4.0
2014-04-15 02:39:00,95.964,245136.0,28.0
2014-04-15 02:44:00,93.81,224314.0,70.0
2014-04-15 02:49:00,95.556,234005.0,57.0
2014-04-15 02:54:00,92.966,241651.0,13.0
2014-04-15 02:59:00,93.858,3203080.0,19.0
2014-04-15 03:04:00,95.354,261562.0,6.0
2014-04-15 03:09:00,92.408,3211830.0,59.0
2014-04-15 03:14:00,93.084,251200.0,11.0
2014-04-15 03:19:00,95.124,216012.0,9.0
2014-04-15 03:24:00,97.042,255496.0,9.0
2014-04-15 03:29:00,93.762,220503.0,25.0
2014-04-15 03:34:00,94.458,3232120.0,62.0
2014-04-15 03:39:00,95.792,233264.0,4.0
2014-04-15 03:44:00,93.792,227083.0,48.0
2014-04-15 03:49:00,95.812,229243.0,141.0
2014-04-15 03:54:00,94.126,251812.0,82.0
2014-04-15 03:59:00,93.75,3223190.0,5.0
2014-04-15 04:04:00,90.25,218885.0,5.0
2014-04-15 04:09:00,97.708,3255620.0,64.0
2014-04-15 04:14:00,95.218,222463.0,23.0
2014-04-15 04:19:00,95.48,225656.0,134.0
2014-04-15 04:24:00,92.916,240323.0,16.0
2014-04-15 04:29:00,94.874,228010.0,17.0
2014-04-15 04:34:00,93.376,223507.0,150.0
2014-04-15 04:39:00,92.084,236186.0,38.0
2014-04-15 04:44:00,95.456,227903.0,85.0
2014-04-15 04:49:00,95.542,225596.0,81.0
2014-04-15 04:54:00,93.75,247329.0,63.0
2014-04-15 04:59:00,92.328,3218660.0,48.0
2014-04-15 05:04:00,95.042,236447.0,26.0
2014-04-15 05:09:00,95.746,3235170.0,60.0
2014-04-15 05:14:00,94.922,237366.0,87.0
2014-04-15 05:19:00,94.532,219340.0,123.0
2014-04-15 05:24:00,96.336,250664.0,45.0
2014-04-15 05:29:00,93.584,229741.0,61.0
2014-04-15 05:34:00,94.176,243908.0,188.0
2014-04-15 05:39:00,94.25,259016.0,67.0
2014-04-15 05:44:00,96.512,230379.0,11.0
2014-04-15 05:49:00,92.708,256210.0,43.0
2014-04-15 05:54:00,94.666,250069.0,7.0
2014-04-15 05:59:00,92.458,3257030.0,62.0
2014-04-15 06:04:00,95.034,246250.0,5.0
2014-04-15 06:09:00,93.5,3253220.0,10.0
2014-04-15 06:14:00,92.346,235777.0,8.0
2014-04-15 06:19:00,91.454,257152.0,128.0
2014-04-15 06:24:00,92.0,249449.0,39.0
2014-04-15 06:29:00,92.0,237801.0,8.0
2014-04-15 06:34:00,93.698,253695.0,78.0
2014-04-15 06:39:00,94.208,249800.0,77.0
2014-04-15 06:44:00,93.824,253992.0,3.0
2014-04-15 06:49:00,88.376,254691.0,45.0
2014-04-15 06:54:00,94.0,258820.0,42.0
2014-04-15 06:59:00,91.166,3242550.0,38.0
2014-04-15 07:04:00,91.514,266086.0,65.0
2014-04-15 07:09:00,90.02799999999998,3264450.0,81.0
2014-04-15 07:14:00,88.97399999999998,247971.0,187.0
2014-04-15 07:19:00,95.298,237969.0,152.0
2014-04-15 07:24:00,93.726,254537.0,86.0
2014-04-15 07:29:00,91.542,245697.0,34.0
2014-04-15 07:34:00,92.416,230611.0,60.0
2014-04-15 07:39:00,95.47,260080.0,16.0
2014-04-15 07:44:00,97.542,237044.0,63.0
2014-04-15 07:49:00,92.552,257262.0,109.0
2014-04-15 07:54:00,93.416,250782.0,80.0
2014-04-15 07:59:00,89.87,3245600.0,37.0
2014-04-15 08:04:00,92.41,256761.0,66.0
2014-04-15 08:09:00,91.73,3245140.0,23.0
2014-04-15 08:14:00,93.624,231670.0,3.0
2014-04-15 08:19:00,93.134,244303.0,20.0
2014-04-15 08:24:00,92.334,259986.0,31.0
2014-04-15 08:29:00,94.376,243869.0,39.0
2014-04-15 08:34:00,94.078,251173.0,158.0
2014-04-15 08:39:00,93.042,237841.0,38.0
2014-04-15 08:44:00,93.958,244516.0,6.0
2014-04-15 08:49:00,94.124,244581.0,4.0
2014-04-15 08:54:00,91.458,251645.0,37.0
2014-04-15 08:59:00,93.376,3241260.0,2.0
2014-04-15 09:04:00,94.25,257323.0,6.0
2014-04-15 09:09:00,95.834,3243950.0,33.0
2014-04-15 09:14:00,94.564,239605.0,45.0
2014-04-15 09:19:00,93.25,258925.0,73.0
2014-04-15 09:24:00,94.348,240659.0,35.0
2014-04-15 09:29:00,97.188,257206.0,6.0
2014-04-15 09:34:00,95.114,229128.0,4.0
2014-04-15 09:39:00,95.958,261259.0,105.0
2014-04-15 09:44:00,95.708,234781.0,92.0
2014-04-15 09:49:00,91.83,251701.0,58.0
2014-04-15 09:54:00,93.584,250134.0,5.0
2014-04-15 09:59:00,93.166,3242060.0,5.0
2014-04-15 10:04:00,92.708,235443.0,44.0
2014-04-15 10:09:00,93.042,3237150.0,13.0
2014-04-15 10:14:00,95.084,245869.0,113.0
2014-04-15 10:19:00,97.042,232018.0,10.0
2014-04-15 10:24:00,93.958,260369.0,35.0
2014-04-15 10:29:00,94.124,238247.0,43.0
2014-04-15 10:34:00,92.416,262111.0,29.0
2014-04-15 10:39:00,95.166,244078.0,48.0
2014-04-15 10:44:00,93.084,250967.0,57.0
2014-04-15 10:49:00,95.43,246971.0,52.0
2014-04-15 10:54:00,93.904,269480.0,19.0
2014-04-15 10:59:00,94.054,3228030.0,53.0
2014-04-15 11:04:00,93.334,250288.0,119.0
2014-04-15 11:09:00,93.058,3253750.0,12.0
2014-04-15 11:14:00,93.92,207558.0,9.0
2014-04-15 11:19:00,94.208,260545.0,6.0
2014-04-15 11:24:00,95.806,239173.0,118.0
2014-04-15 11:29:00,90.75,259812.0,79.0
2014-04-15 11:34:00,93.584,234880.0,11.0
2014-04-15 11:39:00,93.334,263448.0,11.0
2014-04-15 11:44:00,94.292,232604.0,40.0
2014-04-15 11:49:00,95.272,247461.0,89.0
2014-04-15 11:54:00,93.958,255057.0,58.0
2014-04-15 11:59:00,90.75,3208770.0,87.0
2014-04-15 12:04:00,95.446,256915.0,53.0
2014-04-15 12:09:00,93.732,3250300.0,194.0
2014-04-15 12:14:00,91.162,251994.0,318.0
2014-04-15 12:19:00,92.19,235029.0,90.0
2014-04-15 12:24:00,93.87,262173.0,36.0
2014-04-15 12:29:00,92.918,240048.0,151.0
2014-04-15 12:34:00,93.208,261482.0,19.0
2014-04-15 12:39:00,92.792,237357.0,128.0
2014-04-15 12:44:00,96.75,256120.0,115.0
2014-04-15 12:49:00,93.374,225655.0,29.0
2014-04-15 12:54:00,94.358,263619.0,27.0
2014-04-15 12:59:00,93.27,3223480.0,10.0
2014-04-15 13:04:00,93.54,258380.0,95.0
2014-04-15 13:09:00,93.024,3242140.0,99.0
2014-04-15 13:14:00,95.166,241999.0,7.0
2014-04-15 13:19:00,95.04,245445.0,164.0
2014-04-15 13:24:00,93.904,240774.0,70.0
2014-04-15 13:29:00,93.834,264668.0,140.0
2014-04-15 13:34:00,94.406,225559.0,37.0
2014-04-15 13:39:00,94.376,261426.0,18.0
2014-04-15 13:44:00,95.334,244461.0,185.0
2014-04-15 13:49:00,95.084,248637.0,161.0
2014-04-15 13:54:00,89.958,260399.0,56.0
2014-04-15 13:59:00,91.1,3237190.0,75.0
2014-04-15 14:04:00,93.822,270192.0,161.0
2014-04-15 14:09:00,93.608,3245020.0,156.0
2014-04-15 14:14:00,90.504,255534.0,6.0
2014-04-15 14:19:00,88.384,247868.0,13.0
2014-04-15 14:24:00,91.124,256933.0,35.0
2014-04-15 14:29:00,93.542,245945.0,71.0
2014-04-15 14:34:00,86.728,285494.0,59.0
2014-04-15 14:39:00,91.44,220921.0,23.0
2014-04-15 14:44:00,93.172,256594.0,49.0
2014-04-15 14:49:00,92.634,247813.0,32.0
2014-04-15 14:54:00,95.804,254931.0,106.0
2014-04-15 14:59:00,92.916,3244330.0,37.0
2014-04-15 15:04:00,89.948,241625.0,17.0
2014-04-15 15:09:00,92.834,3256200.0,5.0
2014-04-15 15:14:00,91.666,237203.0,53.0
2014-04-15 15:19:00,92.0,254375.0,24.0
2014-04-15 15:24:00,89.92,256552.0,164.0
2014-04-15 15:29:00,94.024,252388.0,148.0
2014-04-15 15:34:00,91.876,252273.0,15.0
2014-04-15 15:39:00,92.042,257477.0,26.0
2014-04-15 15:44:00,76.874,240639.0,102.0
2014-04-15 15:49:00,86.124,255010.0,102.0
2014-04-15 15:54:00,84.626,259704.0,112.0
2014-04-15 15:59:00,82.374,3221830.0,4.0
2014-04-15 16:04:00,85.52799999999998,242887.0,52.0
2014-04-15 16:09:00,90.23,3229560.0,184.0
2014-04-15 16:14:00,90.458,265801.0,226.0
2014-04-15 16:19:00,90.584,236981.0,116.0
2014-04-15 16:24:00,91.626,260054.0,41.0
2014-04-15 16:29:00,90.0,245909.0,49.0
2014-04-15 16:34:00,93.404,250921.0,11.0
2014-04-15 16:39:00,95.766,264959.0,41.0
2014-04-15 16:44:00,93.768,13429000.0,44.0
2014-04-15 16:49:00,89.292,6603090.0,70.0
2014-04-15 16:54:00,54.958,138797000.0,34.0
2014-04-15 16:59:00,54.7775,3264610.0,91.0
2014-04-15 17:04:00,90.03200000000002,335110.0,3.0
2014-04-15 17:09:00,93.18,245126000.0,161.0
2014-04-15 17:14:00,88.178,63229300.0,30.0
2014-04-15 17:19:00,87.99799999999998,291082.0,37.0
2014-04-15 17:24:00,87.986,288185.0,146.0
2014-04-15 17:29:00,87.542,274498.0,30.0
2014-04-15 17:34:00,89.084,299356.0,63.0
2014-04-15 17:39:00,89.876,303715.0,115.0
2014-04-15 17:44:00,87.044,360933.0,63.0
2014-04-15 17:49:00,88.0,350081.0,101.0
2014-04-15 17:54:00,88.49799999999998,356008.0,140.0
2014-04-15 17:59:00,89.322,384684.0,124.0
2014-04-15 18:04:00,88.166,380580.0,92.0
2014-04-15 18:09:00,92.916,424082.0,16.0
2014-04-15 18:14:00,87.626,360159.0,39.0
2014-04-15 18:19:00,89.072,421578.0,47.0
2014-04-15 18:24:00,85.238,382527.0,167.0
2014-04-15 18:29:00,89.756,341436.0,127.0
2014-04-15 18:34:00,87.666,445259.0,90.0
2014-04-15 18:39:00,89.626,422991.0,118.0
2014-04-15 18:44:00,90.292,316314.0,234.0
2014-04-15 18:49:00,87.74600000000002,228875.0,101.0
2014-04-15 18:54:00,85.458,253463.0,12.0
2014-04-15 18:59:00,88.0,223710.0,108.0
2014-04-15 19:04:00,88.958,237656.0,83.0
2014-04-15 19:09:00,92.606,242514.0,63.0
2014-04-15 19:14:00,76.982,251048.0,83.0
2014-04-15 19:19:00,92.262,223451.0,197.0
2014-04-15 19:24:00,86.552,247185.0,278.0
2014-04-15 19:29:00,88.042,230525.0,159.0
2014-04-15 19:34:00,88.334,225159.0,41.0
2014-04-15 19:39:00,90.696,224883.0,41.0
2014-04-15 19:44:00,87.89399999999998,236707.0,39.0
2014-04-15 19:49:00,93.85,213654.0,85.0
2014-04-15 19:54:00,91.348,231962.0,12.0
2014-04-15 19:59:00,91.626,241654.0,243.0
2014-04-15 20:04:00,89.084,216280.0,156.0
2014-04-15 20:09:00,90.982,264732.0,115.0
2014-04-15 20:14:00,90.982,234056.0,146.0
2014-04-15 20:19:00,92.188,218566.0,164.0
2014-04-15 20:24:00,90.25,240987.0,85.0
2014-04-15 20:29:00,93.166,2749090.0,130.0
2014-04-15 20:34:00,93.75,1135620.0,25.0
2014-04-15 20:39:00,89.584,239960.0,229.0
2014-04-15 20:44:00,91.708,225690.0,134.0
2014-04-15 20:49:00,89.12,230157.0,115.0
2014-04-15 20:54:00,91.618,250700.0,176.0
2014-04-15 20:59:00,91.266,225030.0,177.0
2014-04-15 21:04:00,94.084,241141.0,30.0
2014-04-15 21:09:00,94.5,244412.0,149.0
2014-04-15 21:14:00,93.708,241196.0,41.0
2014-04-15 21:19:00,92.708,10957300.0,162.0
2014-04-15 21:24:00,93.662,240062.0,75.0
2014-04-15 21:29:00,91.652,232457.0,66.0
2014-04-15 21:34:00,93.752,210350.0,130.0
2014-04-15 21:39:00,91.076,263489.0,137.0
2014-04-15 21:44:00,92.508,254378.0,207.0
2014-04-15 21:49:00,93.64,289820.0,80.0
2014-04-15 21:54:00,93.584,244490.0,225.0
2014-04-15 21:59:00,92.124,283938.0,79.0
2014-04-15 22:04:00,90.166,268929.0,69.0
2014-04-15 22:09:00,94.484,309114.0,84.0
2014-04-15 22:14:00,92.148,319939.0,40.0
2014-04-15 22:19:00,93.486,321786.0,36.0
2014-04-15 22:24:00,94.56,345016.0,123.0
2014-04-15 22:29:00,91.458,339839.0,140.0
2014-04-15 22:34:00,91.0,1101060.0,45.0
2014-04-15 22:39:00,91.876,372611.0,118.0
2014-04-15 22:44:00,90.042,353601.0,2.0
2014-04-15 22:49:00,93.626,354904.0,94.0
2014-04-15 22:54:00,93.666,356842.0,32.0
2014-04-15 22:59:00,95.166,391917.0,135.0
2014-04-15 23:04:00,92.59,400827.0,74.0
2014-04-15 23:09:00,94.042,341441.0,42.0
2014-04-15 23:14:00,87.708,281316.0,50.0
2014-04-15 23:19:00,92.782,288950.0,131.0
2014-04-15 23:24:00,91.514,282041.0,98.0
2014-04-15 23:29:00,88.834,325864.0,74.0
2014-04-15 23:34:00,90.964,330408.0,28.0
2014-04-15 23:39:00,91.084,359371.0,34.0
2014-04-15 23:44:00,90.158,351401.0,6.0
2014-04-15 23:49:00,88.958,368227.0,52.0
2014-04-15 23:54:00,91.896,371846.0,84.0
2014-04-15 23:59:00,92.916,378316.0,87.0
2014-04-16 00:04:00,91.348,364380.0,66.0
2014-04-16 00:09:00,92.75,375114.0,225.0
2014-04-16 00:14:00,93.704,358873.0,57.0
2014-04-16 00:19:00,93.292,375881.0,73.0
2014-04-16 00:24:00,93.916,400415.0,113.0
2014-04-16 00:29:00,92.126,363196.0,8.0
2014-04-16 00:34:00,93.084,386958.0,40.0
2014-04-16 00:39:00,93.454,350540.0,65.0
2014-04-16 00:44:00,91.292,381934.0,10.0
2014-04-16 00:49:00,94.25,367745.0,32.0
2014-04-16 00:54:00,91.542,401917.0,37.0
2014-04-16 00:59:00,93.292,392489.0,14.0
2014-04-16 01:04:00,92.63,380059.0,38.0
2014-04-16 01:09:00,94.392,394509.0,117.0
2014-04-16 01:14:00,90.292,367190.0,13.0
2014-04-16 01:19:00,94.292,423591.0,53.0
2014-04-16 01:24:00,93.57,373295.0,16.0
2014-04-16 01:29:00,91.876,396618.0,111.0
2014-04-16 01:34:00,91.376,388276.0,102.0
2014-04-16 01:39:00,92.658,417161.0,69.0
2014-04-16 01:44:00,90.666,375992.0,55.0
2014-04-16 01:49:00,92.5,394688.0,84.0
2014-04-16 01:54:00,92.042,389754.0,55.0
2014-04-16 01:59:00,92.5,400523.0,42.0
2014-04-16 02:04:00,93.208,365174.0,6.0
2014-04-16 02:09:00,95.34,401819.0,32.0
2014-04-16 02:14:00,93.962,385163.0,111.0
2014-04-16 02:19:00,93.558,396115.0,77.0
2014-04-16 02:24:00,90.082,389117.0,162.0
2014-04-16 02:29:00,90.344,380155.0,119.0
2014-04-16 02:34:00,92.506,397420.0,75.0
2014-04-16 02:39:00,90.894,377955.0,34.0
2014-04-16 02:44:00,91.416,310622.0,49.0
2014-04-16 02:49:00,90.374,222955.0,108.0
2014-04-16 02:54:00,92.166,240275.0,13.0
2014-04-16 02:59:00,91.632,228489.0,258.0
2014-04-16 03:04:00,92.416,235400.0,97.0
2014-04-16 03:09:00,98.292,251191.0,113.0
2014-04-16 03:14:00,92.124,233335.0,86.0
2014-04-16 03:19:00,91.416,223889.0,65.0
2014-04-16 03:24:00,91.458,196124.0,127.0
2014-04-16 03:29:00,58.462,64837.6,154.0
2014-04-16 03:34:00,24.432,59552.0,4.0
2014-04-16 03:39:00,24.624,75583.4,137.0
2014-04-16 03:44:00,23.994,50648.2,33.0
2014-04-16 03:49:00,24.292,68888.6,15.0
2014-04-16 03:54:00,25.208,63256.8,14.0
2014-04-16 03:59:00,24.542,56208.6,29.0
2014-04-16 04:04:00,18.7225,99026.5,4.0
2014-04-16 04:09:00,35.93199999999999,90698.6,3.0
2014-04-16 04:14:00,24.638,96987.0,24.0
2014-04-16 04:19:00,23.59,95292.0,25.0
2014-04-16 04:24:00,24.608,120918.0,64.0
2014-04-16 04:29:00,24.204,101699.0,6.0
2014-04-16 04:34:00,24.294,117616.0,6.0
2014-04-16 04:39:00,24.82,129903.0,207.0
2014-04-16 04:44:00,24.584,107019.0,179.0
2014-04-16 04:49:00,24.584,154579.0,126.0
2014-04-16 04:54:00,25.376,172585.0,15.0
2014-04-16 04:59:00,25.124,183661.0,97.0
2014-04-16 05:09:00,36.462,234134.0,47.0
2014-04-16 05:14:00,24.652,198565.0,29.0
2014-04-16 05:19:00,25.048,226864.0,147.0
2014-04-16 05:24:00,25.32,235439.0,50.0
2014-04-16 05:29:00,25.166,241813.0,14.0
2014-04-16 05:34:00,24.792,225156.0,12.0
2014-04-16 05:39:00,25.334,238644.0,14.0
2014-04-16 05:44:00,24.876,219361.0,39.0
2014-04-16 05:49:00,24.708,216900.0,2.0
2014-04-16 05:54:00,25.75,239536.0,34.0
2014-04-16 05:59:00,25.5,237255.0,63.0
2014-04-16 06:04:00,25.416,237443.0,11.0
2014-04-16 06:09:00,36.334,252723.0,8.0
2014-04-16 06:14:00,25.334,219853.0,95.0
2014-04-16 06:19:00,25.108,221559.0,62.0
2014-04-16 06:24:00,25.32,240417.0,112.0
2014-04-16 06:29:00,25.402,223269.0,49.0
2014-04-16 06:34:00,24.666,229546.0,2.0
2014-04-16 06:39:00,25.208,229699.0,10.0
2014-04-16 06:44:00,25.122,214854.0,30.0
2014-04-16 06:49:00,25.25,223324.0,29.0
2014-04-16 06:54:00,25.542,217172.0,7.0
2014-04-16 06:59:00,25.584,230997.0,9.0
2014-04-16 07:04:00,25.334,208643.0,3.0
2014-04-16 07:09:00,36.67,257412.0,10.0
2014-04-16 07:14:00,25.108,225473.0,51.0
2014-04-16 07:19:00,24.976,227122.0,74.0
2014-04-16 07:24:00,25.274,222639.0,115.0
2014-04-16 07:29:00,24.842,209855.0,80.0
2014-04-16 07:34:00,24.542,209450.0,13.0
2014-04-16 07:39:00,25.0,224078.0,17.0
2014-04-16 07:44:00,24.916,226719.0,14.0
2014-04-16 07:49:00,24.516,216952.0,39.0
2014-04-16 07:54:00,25.25,231797.0,23.0
2014-04-16 07:59:00,25.204,211332.0,172.0
2014-04-16 08:04:00,24.8,227805.0,59.0
2014-04-16 08:09:00,36.0,242339.0,3.0
2014-04-16 08:14:00,25.292,218752.0,115.0
2014-04-16 08:19:00,25.166,215251.0,74.0
2014-04-16 08:24:00,25.376,221419.0,2.0
2014-04-16 08:29:00,24.874,221405.0,22.0
2014-04-16 08:34:00,24.542,211570.0,8.0
2014-04-16 08:39:00,25.042,223133.0,78.0
2014-04-16 08:44:00,24.666,219301.0,8.0
2014-04-16 08:49:00,24.792,233431.0,1.0
2014-04-16 08:54:00,25.45,219462.0,49.0
2014-04-16 08:59:00,25.214,230992.0,11.0
2014-04-16 09:04:00,24.916,205354.0,157.0
2014-04-16 09:09:00,36.166,250506.0,43.0
2014-04-16 09:14:00,24.958,209612.0,71.0
2014-04-16 09:19:00,24.666,217429.0,31.0
2014-04-16 09:24:00,24.624,208162.0,32.0
2014-04-16 09:29:00,25.126,211699.0,8.0
2014-04-16 09:34:00,25.126,228951.0,25.0
2014-04-16 09:39:00,24.916,213146.0,68.0
2014-04-16 09:44:00,25.25,234836.0,101.0
2014-04-16 09:49:00,24.834,222413.0,55.0
2014-04-16 09:54:00,25.666,241031.0,182.0
2014-04-16 09:59:00,25.364,216388.0,64.0
2014-04-16 10:04:00,24.792,218299.0,13.0
2014-04-16 10:09:00,36.626,251852.0,59.0
2014-04-16 10:14:00,24.484,218549.0,87.0
2014-04-16 10:19:00,24.94,219613.0,11.0
2014-04-16 10:24:00,24.726,204073.0,26.0
2014-04-16 10:29:00,26.458,222753.0,21.0
2014-04-16 10:34:00,24.916,200166.0,101.0
2014-04-16 10:39:00,25.272,240710.0,14.0
2014-04-16 10:44:00,25.166,224812.0,183.0
2014-04-16 10:49:00,24.75,239352.0,42.0
2014-04-16 10:54:00,25.334,219821.0,6.0
2014-04-16 10:59:00,25.626,231844.0,26.0
2014-04-16 11:09:00,35.876,234458.0,125.0
2014-04-16 11:14:00,24.916,225013.0,49.0
2014-04-16 11:19:00,24.992,211729.0,87.0
2014-04-16 11:24:00,25.484,237807.0,41.0
2014-04-16 11:29:00,25.084,230126.0,35.0
2014-04-16 11:34:00,24.792,242445.0,70.0
2014-04-16 11:39:00,25.084,225242.0,15.0
2014-04-16 11:44:00,25.374,249038.0,21.0
2014-04-16 11:49:00,24.75,211404.0,92.0
2014-04-16 11:54:00,25.416,228794.0,120.0
2014-04-16 11:59:00,25.334,218635.0,80.0
2014-04-16 12:04:00,25.042,238671.0,13.0
2014-04-16 12:09:00,35.854,245933.0,6.0
2014-04-16 12:14:00,24.626,217561.0,5.0
2014-04-16 12:19:00,25.11,227730.0,3.0
2014-04-16 12:24:00,24.97,216265.0,242.0
2014-04-16 12:29:00,24.94,232262.0,49.0
2014-04-16 12:34:00,24.666,218162.0,4.0
2014-04-16 12:39:00,24.708,235847.0,93.0
2014-04-16 12:44:00,25.126,227753.0,35.0
2014-04-16 12:49:00,25.25,214332.0,10.0
2014-04-16 12:54:00,25.416,209806.0,56.0
2014-04-16 12:59:00,25.692,219280.0,118.0
2014-04-16 13:04:00,26.0425,257612.0,40.0
2014-04-16 13:09:00,36.386,251681.0,61.0
2014-04-16 13:14:00,24.726,214615.0,33.0
2014-04-16 13:19:00,24.706,208185.0,17.0
2014-04-16 13:24:00,24.76,230858.0,103.0
2014-04-16 13:29:00,23.756,211684.0,64.0
2014-04-16 13:34:00,24.334,219094.0,46.0
2014-04-16 13:39:00,24.416,191856.0,9.0
2014-04-16 13:44:00,24.916,229927.0,116.0
2014-04-16 13:49:00,24.292,200495.0,5.0
2014-04-16 13:54:00,25.026,63814.4,56.0
2014-04-16 13:59:00,24.334,38516.6,42.0
2014-04-16 14:04:00,24.284,40660.2,45.0
2014-04-16 14:09:00,36.166,88262.8,158.0
2014-04-16 14:14:00,24.082,51062.8,103.0
2014-04-16 14:19:00,85.266,371618.0,147.0
2014-04-16 14:24:00,94.834,270514.0,76.0
2014-04-16 14:29:00,92.162,246090.0,82.0
2014-04-16 14:34:00,94.4,208388.0,171.0
2014-04-16 14:39:00,94.334,252111.0,45.0
2014-04-16 14:44:00,93.882,227012.0,146.0
2014-04-16 14:49:00,91.75,239833.0,36.0
2014-04-16 14:54:00,92.208,244948.0,85.0
2014-04-16 14:59:00,93.374,225664.0,15.0
2014-04-16 15:04:00,88.626,242138.0,71.0
2014-04-16 15:09:00,90.874,236314.0,244.0
2014-04-16 15:14:00,91.25,253892.0,90.0
2014-04-16 15:19:00,92.374,223926.0,115.0
2014-04-16 15:24:00,85.958,244827.0,195.0
2014-04-16 15:29:00,86.75,236085.0,154.0
2014-04-16 15:34:00,85.584,254903.0,246.0
2014-04-16 15:39:00,84.958,240221.0,70.0
2014-04-16 15:44:00,85.25,257266.0,17.0
2014-04-16 15:49:00,87.25,241811.0,102.0
2014-04-16 15:54:00,87.132,313480.0,7.0
2014-04-16 15:59:00,94.1,345095.0,148.0
2014-04-16 16:04:00,89.208,336155.0,163.0
2014-04-16 16:09:00,93.584,255560.0,141.0
2014-04-16 16:14:00,92.292,221486.0,2.0
2014-04-16 16:19:00,89.196,217017.0,31.0
2014-04-16 16:24:00,90.25,219838.0,3.0
2014-04-16 16:29:00,90.952,258422.0,120.0
2014-04-16 16:34:00,91.4,239369.0,54.0
2014-04-16 16:39:00,93.182,239418.0,55.0
2014-04-16 16:44:00,89.512,241657.0,14.0
2014-04-16 16:49:00,88.648,270154.0,235.0
2014-04-16 16:54:00,88.87799999999999,287634.0,138.0
2014-04-16 16:59:00,87.006,331201.0,96.0
2014-04-16 17:04:00,93.532,227359.0,6.0
2014-04-16 17:09:00,93.072,362483.0,90.0
2014-04-16 17:14:00,80.63,393311.0,91.0
2014-04-16 17:19:00,91.722,404165.0,83.0
2014-04-16 17:24:00,92.194,399510.0,93.0
2014-04-16 17:29:00,90.94,374197.0,92.0
2014-04-16 17:34:00,89.666,407345.0,264.0
2014-04-16 17:39:00,94.292,399839.0,143.0
2014-04-16 17:44:00,92.626,431195.0,101.0
2014-04-16 17:49:00,93.376,420649.0,79.0
2014-04-16 17:54:00,91.872,1081540.0,113.0
2014-04-16 17:59:00,90.482,383766.0,76.0
2014-04-16 18:04:00,92.91,390450.0,114.0
2014-04-16 18:09:00,92.124,397029.0,47.0
2014-04-16 18:14:00,91.208,1094490.0,97.0
2014-04-16 18:19:00,91.292,392420.0,52.0
2014-04-16 18:24:00,92.902,381615.0,40.0
2014-04-16 18:29:00,93.042,391281.0,73.0
2014-04-16 18:34:00,90.5,393191.0,52.0
2014-04-16 18:39:00,91.036,331182.0,112.0
2014-04-16 18:44:00,89.208,350831.0,170.0
2014-04-16 18:49:00,89.376,255255.0,39.0
2014-04-16 18:54:00,89.98200000000001,247156.0,55.0
2014-04-16 18:59:00,90.042,235537.0,195.0
2014-04-16 19:04:00,88.5,254176.0,194.0
2014-04-16 19:09:00,90.176,261647.0,64.0
2014-04-16 19:14:00,87.396,558003.0,71.0
2014-04-16 19:19:00,84.584,258198.0,31.0
2014-04-16 19:24:00,92.166,291176.0,29.0
2014-04-16 19:29:00,92.5,246964.0,127.0
2014-04-16 19:34:00,89.874,286839.0,118.0
2014-04-16 19:39:00,89.416,311200.0,38.0
2014-04-16 19:44:00,91.51,301893.0,116.0
2014-04-16 19:49:00,93.5,338780.0,105.0
2014-04-16 19:54:00,91.876,637312.0,51.0
2014-04-16 19:59:00,92.676,757693.0,109.0
2014-04-16 20:04:00,89.044,358971.0,58.0
2014-04-16 20:09:00,94.208,399204.0,145.0
2014-04-16 20:14:00,91.702,1017170.0,87.0
2014-04-16 20:19:00,90.556,287447.0,54.0
2014-04-16 20:24:00,85.61200000000002,258025.0,39.0
2014-04-16 20:29:00,89.02,232855.0,268.0
2014-04-16 20:34:00,84.78,292420.0,71.0
2014-04-16 20:39:00,87.806,248389.0,169.0
2014-04-16 20:44:00,89.874,342656.0,108.0
2014-04-16 20:49:00,87.792,336798.0,262.0
2014-04-16 20:54:00,90.666,345060.0,369.0
2014-04-16 20:59:00,88.67399999999998,1041190.0,281.0
2014-04-16 21:04:00,87.124,241318.0,123.0
2014-04-16 21:09:00,88.958,238119.0,167.0
2014-04-16 21:14:00,90.374,859607.0,55.0
2014-04-16 21:19:00,90.916,225751.0,194.0
2014-04-16 21:24:00,87.75,221272.0,30.0
2014-04-16 21:29:00,90.792,234415.0,111.0
2014-04-16 21:34:00,82.0,232509.0,43.0
2014-04-16 21:39:00,92.806,228125.0,125.0
2014-04-16 21:44:00,85.82799999999997,219696.0,22.0
2014-04-16 21:49:00,90.632,233392.0,89.0
2014-04-16 21:54:00,92.44,217878.0,27.0
2014-04-16 21:59:00,87.626,480163.0,100.0
2014-04-16 22:04:00,87.75,215846.0,139.0
2014-04-16 22:09:00,95.224,234211.0,228.0
2014-04-16 22:14:00,91.182,460745.0,59.0
2014-04-16 22:19:00,89.52600000000002,224584.0,41.0
2014-04-16 22:24:00,84.686,240675.0,91.0
2014-04-16 22:29:00,89.01799999999999,224321.0,64.0
2014-04-16 22:34:00,83.664,226884.0,85.0
2014-04-16 22:39:00,93.134,206590.0,16.0
2014-04-16 22:44:00,90.25,235275.0,77.0
2014-04-16 22:49:00,86.584,217389.0,143.0
2014-04-16 22:54:00,87.792,219213.0,50.0
2014-04-16 22:59:00,85.292,631031.0,36.0
2014-04-16 23:04:00,88.95200000000001,237784.0,13.0
2014-04-16 23:09:00,89.542,231338.0,29.0
2014-04-16 23:14:00,93.084,705987.0,33.0
2014-04-16 23:19:00,88.958,227285.0,160.0
2014-04-16 23:24:00,92.542,213108.0,165.0
2014-04-16 23:29:00,88.458,238436.0,37.0
2014-04-16 23:34:00,87.166,223147.0,119.0
2014-04-16 23:39:00,86.876,224171.0,21.0
2014-04-16 23:44:00,86.166,216622.0,32.0
2014-04-16 23:49:00,88.376,255180.0,56.0
2014-04-16 23:54:00,85.25200000000002,214977.0,56.0
2014-04-16 23:59:00,88.846,210347.0,136.0
2014-04-17 00:04:00,90.416,217693.0,85.0
2014-04-17 00:09:00,95.0,210327.0,37.0
2014-04-17 00:14:00,90.75,221405.0,3.0
2014-04-17 00:19:00,91.626,220735.0,80.0
2014-04-17 00:24:00,88.792,234464.0,200.0
2014-04-17 00:29:00,85.75,222261.0,65.0
2014-04-17 00:34:00,88.96799999999998,231546.0,166.0
2014-04-17 00:39:00,86.792,224794.0,59.0
2014-04-17 00:44:00,85.584,221865.0,61.0
2014-04-17 00:49:00,88.624,222229.0,5.0
2014-04-17 00:54:00,87.916,219128.0,13.0
2014-04-17 00:59:00,89.28399999999998,222181.0,167.0
2014-04-17 01:04:00,87.52799999999998,212468.0,59.0
2014-04-17 01:09:00,93.796,225354.0,67.0
2014-04-17 01:14:00,91.766,202729.0,100.0
2014-04-17 01:19:00,83.63,220268.0,169.0
2014-04-17 01:24:00,93.132,201837.0,104.0
2014-04-17 01:29:00,86.456,213694.0,34.0
2014-04-17 01:34:00,83.584,209888.0,127.0
2014-04-17 01:39:00,92.268,212408.0,132.0
2014-04-17 01:44:00,87.958,200900.0,4.0
2014-04-17 01:49:00,86.25,213967.0,31.0
2014-04-17 01:54:00,88.274,226960.0,66.0
2014-04-17 01:59:00,87.42,195205.0,139.0
2014-04-17 02:04:00,86.542,226383.0,143.0
2014-04-17 02:09:00,88.126,917486.0,86.0
2014-04-17 02:14:00,92.958,218211.0,102.0
2014-04-17 02:19:00,92.172,209780.0,89.0
2014-04-17 02:24:00,91.166,226692.0,52.0
2014-04-17 02:29:00,92.416,191948.0,14.0
2014-04-17 02:34:00,87.564,220979.0,10.0
2014-04-17 02:39:00,91.342,207348.0,8.0
2014-04-17 02:44:00,83.626,214215.0,56.0
2014-04-17 02:49:00,86.124,216299.0,53.0
2014-04-17 02:54:00,89.742,212125.0,159.0
2014-04-17 02:59:00,87.292,207889.0,40.0
2014-04-17 03:04:00,85.79,207542.0,1.0
2014-04-17 03:09:00,88.786,237138.0,42.0
2014-04-17 03:14:00,94.08,212703.0,95.0
2014-04-17 03:19:00,91.492,211391.0,145.0
2014-04-17 03:24:00,84.56,200963.0,39.0
2014-04-17 03:29:00,88.836,214174.0,17.0
2014-04-17 03:34:00,89.124,207527.0,73.0
2014-04-17 03:39:00,85.686,216801.0,108.0
2014-04-17 03:44:00,85.584,210849.0,66.0
2014-04-17 03:49:00,84.96,215363.0,44.0
2014-04-17 03:54:00,86.94,210266.0,8.0
2014-04-17 03:59:00,86.708,216175.0,32.0
2014-04-17 04:04:00,86.626,221101.0,3.0
2014-04-17 04:09:00,88.434,217077.0,97.0
2014-04-17 04:14:00,88.08,220455.0,66.0
2014-04-17 04:19:00,88.756,186322.0,125.0
2014-04-17 04:24:00,90.166,220531.0,83.0
2014-04-17 04:29:00,88.0,206348.0,15.0
2014-04-17 04:34:00,90.708,222749.0,72.0
2014-04-17 04:39:00,88.708,212614.0,12.0
2014-04-17 04:44:00,84.792,201289.0,25.0
2014-04-17 04:49:00,87.374,216548.0,93.0
2014-04-17 04:54:00,85.208,231366.0,14.0
2014-04-17 04:59:00,88.292,212457.0,15.0
2014-04-17 05:04:00,88.208,207536.0,51.0
2014-04-17 05:09:00,95.416,235956.0,89.0
2014-04-17 05:14:00,92.5,213919.0,3.0
2014-04-17 05:19:00,91.916,218748.0,17.0
2014-04-17 05:24:00,88.10600000000002,225233.0,69.0
2014-04-17 05:29:00,87.698,221883.0,14.0
2014-04-17 05:34:00,86.56200000000004,209158.0,12.0
2014-04-17 05:39:00,87.11200000000002,215984.0,81.0
2014-04-17 05:44:00,87.256,234190.0,38.0
2014-04-17 05:49:00,85.916,274763.0,42.0
2014-04-17 05:54:00,93.638,161788.0,74.0
2014-04-17 05:59:00,89.58,210425.0,4.0
2014-04-17 06:04:00,88.05,220339.0,127.0
2014-04-17 06:09:00,86.068,229880.0,37.0
2014-04-17 06:14:00,93.224,220044.0,33.0
2014-04-17 06:19:00,93.416,207077.0,28.0
2014-04-17 06:24:00,89.25,226507.0,206.0
2014-04-17 06:29:00,85.39200000000002,212921.0,3.0
2014-04-17 06:34:00,88.458,205958.0,3.0
2014-04-17 06:39:00,90.25,222496.0,16.0
2014-04-17 06:44:00,86.63600000000002,217916.0,30.0
2014-04-17 06:49:00,87.16799999999998,220496.0,6.0
2014-04-17 06:54:00,82.292,228825.0,11.0
2014-04-17 06:59:00,88.824,211270.0,58.0
2014-04-17 07:04:00,89.162,215760.0,82.0
2014-04-17 07:09:00,91.45,240551.0,152.0
2014-04-17 07:14:00,88.514,204186.0,2.0
2014-04-17 07:19:00,85.104,220298.0,124.0
2014-04-17 07:24:00,89.17200000000004,210489.0,38.0
2014-04-17 07:29:00,92.484,208134.0,139.0
2014-04-17 07:34:00,88.25,223072.0,63.0
2014-04-17 07:39:00,85.876,213666.0,55.0
2014-04-17 07:44:00,88.24600000000002,214512.0,26.0
2014-04-17 07:49:00,87.244,210834.0,63.0
2014-04-17 07:54:00,88.738,228575.0,118.0
2014-04-17 07:59:00,90.466,198107.0,42.0
2014-04-17 08:04:00,91.37,231913.0,62.0
2014-04-17 08:09:00,93.042,216012.0,8.0
2014-04-17 08:14:00,92.724,214453.0,67.0
2014-04-17 08:19:00,88.834,199016.0,55.0
2014-04-17 08:24:00,87.198,217999.0,90.0
2014-04-17 08:29:00,86.5,207921.0,84.0
2014-04-17 08:34:00,86.75,210340.0,63.0
2014-04-17 08:39:00,84.208,227747.0,113.0
2014-04-17 08:44:00,85.0,204163.0,6.0
2014-04-17 08:49:00,87.838,212484.0,80.0
2014-04-17 08:54:00,90.834,218053.0,78.0
2014-04-17 08:59:00,86.374,221129.0,24.0
2014-04-17 09:04:00,87.126,210613.0,46.0
2014-04-17 09:09:00,88.208,241545.0,76.0
2014-04-17 09:14:00,88.39,213043.0,98.0
2014-04-17 09:19:00,90.444,209213.0,38.0
2014-04-17 09:24:00,88.80799999999998,201414.0,10.0
2014-04-17 09:29:00,89.5,204658.0,57.0
2014-04-17 09:34:00,90.126,221399.0,168.0
2014-04-17 09:39:00,91.25,216093.0,24.0
2014-04-17 09:44:00,87.708,207952.0,51.0
2014-04-17 09:49:00,89.584,215485.0,11.0
2014-04-17 09:54:00,86.324,223631.0,69.0
2014-04-17 09:59:00,88.626,197836.0,60.0
2014-04-17 10:04:00,86.28,216583.0,75.0
2014-04-17 10:09:00,90.542,230679.0,19.0
2014-04-17 10:14:00,87.874,204190.0,193.0
2014-04-17 10:19:00,85.874,217961.0,7.0
2014-04-17 10:24:00,91.818,214784.0,4.0
2014-04-17 10:29:00,91.542,198406.0,144.0
2014-04-17 10:34:00,92.472,212062.0,147.0
2014-04-17 10:39:00,86.72399999999998,220773.0,55.0
2014-04-17 10:44:00,90.044,197605.0,194.0
2014-04-17 10:49:00,91.666,232403.0,7.0
2014-04-17 10:54:00,85.25,202737.0,39.0
2014-04-17 10:59:00,87.02799999999998,220954.0,142.0
2014-04-17 11:04:00,89.708,208226.0,26.0
2014-04-17 11:09:00,89.666,218636.0,68.0
2014-04-17 11:14:00,89.708,214410.0,180.0
2014-04-17 11:19:00,89.734,210202.0,79.0
2014-04-17 11:24:00,89.75,218896.0,24.0
2014-04-17 11:29:00,87.712,209896.0,42.0
2014-04-17 11:34:00,88.25,220425.0,27.0
2014-04-17 11:39:00,91.166,208755.0,53.0
2014-04-17 11:44:00,88.084,217977.0,30.0
2014-04-17 11:49:00,89.834,201048.0,37.0
2014-04-17 11:54:00,85.542,222067.0,93.0
2014-04-17 11:59:00,88.208,205460.0,4.0
2014-04-17 12:04:00,91.25,212636.0,5.0
2014-04-17 12:09:00,90.416,237591.0,79.0
2014-04-17 12:14:00,89.834,204901.0,161.0
2014-04-17 12:19:00,89.586,213720.0,6.0
2014-04-17 12:24:00,88.958,202908.0,9.0
2014-04-17 12:29:00,90.626,219203.0,51.0
2014-04-17 12:34:00,90.634,203825.0,83.0
2014-04-17 12:39:00,88.79,221367.0,164.0
2014-04-17 12:44:00,88.042,203463.0,64.0
2014-04-17 12:49:00,86.666,227428.0,169.0
2014-04-17 12:54:00,83.792,212574.0,19.0
2014-04-17 12:59:00,86.542,204579.0,48.0
2014-04-17 13:04:00,89.82799999999996,226811.0,36.0
2014-04-17 13:09:00,87.62200000000001,224210.0,111.0
2014-04-17 13:14:00,89.166,212323.0,113.0
2014-04-17 13:19:00,90.0,204648.0,30.0
2014-04-17 13:24:00,88.374,224538.0,192.0
2014-04-17 13:29:00,92.334,210720.0,55.0
2014-04-17 13:34:00,93.208,213729.0,30.0
2014-04-17 13:39:00,88.0,210685.0,91.0
2014-04-17 13:44:00,87.012,214452.0,91.0
2014-04-17 13:49:00,89.0,217432.0,247.0
2014-04-17 13:54:00,86.626,221219.0,36.0
2014-04-17 13:59:00,87.584,212086.0,62.0
2014-04-17 14:04:00,84.292,223864.0,51.0
2014-04-17 14:09:00,90.916,234264.0,77.0
2014-04-17 14:14:00,89.458,191448.0,27.0
2014-04-17 14:19:00,91.5,220392.0,4.0
2014-04-17 14:24:00,91.892,210655.0,158.0
2014-04-17 14:29:00,89.598,217940.0,84.0
2014-04-17 14:34:00,91.792,202145.0,49.0
2014-04-17 14:39:00,86.084,220958.0,103.0
2014-04-17 14:44:00,83.33200000000002,198583.0,16.0
2014-04-17 14:49:00,87.458,204996.0,13.0
2014-04-17 14:54:00,85.75,228218.0,189.0
2014-04-17 14:59:00,89.708,204380.0,18.0
2014-04-17 15:04:00,87.416,220523.0,66.0
2014-04-17 15:09:00,95.346,220136.0,141.0
2014-04-17 15:19:00,88.416,216061.0,67.0
2014-04-17 15:24:00,87.334,215063.0,28.0
2014-04-17 15:29:00,87.01799999999999,200904.0,55.0
2014-04-17 15:34:00,90.672,218049.0,127.0
2014-04-17 15:39:00,88.33,210933.0,10.0
2014-04-17 15:44:00,86.75,207475.0,143.0
2014-04-17 15:49:00,86.124,243426.0,161.0
2014-04-17 15:54:00,92.916,341121.0,105.0
2014-04-17 15:59:00,93.182,337174.0,123.0
2014-04-17 16:04:00,95.0,327400.0,125.0
2014-04-17 16:09:00,95.584,980290.0,149.0
2014-04-17 16:14:00,93.834,214182.0,27.0
2014-04-17 16:19:00,93.374,239616.0,131.0
2014-04-17 16:24:00,93.042,203846.0,93.0
2014-04-17 16:29:00,91.792,222009.0,61.0
2014-04-17 16:34:00,87.626,230337.0,111.0
2014-04-17 16:39:00,91.75,209210.0,28.0
2014-04-17 16:44:00,85.69,1612430.0,91.0
2014-04-17 16:49:00,89.26,229273.0,99.0
2014-04-17 16:54:00,86.164,230641.0,41.0
2014-04-17 16:59:00,89.334,228909.0,66.0
2014-04-17 17:04:00,91.84,260934.0,10.0
2014-04-17 17:09:00,94.0,602013.0,49.0
2014-04-17 17:14:00,91.25,224751.0,48.0
2014-04-17 17:19:00,93.0,221389.0,13.0
2014-04-17 17:24:00,92.25,233174.0,22.0
2014-04-17 17:29:00,92.914,219319.0,138.0
2014-04-17 17:34:00,92.5,228634.0,111.0
2014-04-17 17:39:00,92.958,220656.0,57.0
2014-04-17 17:44:00,92.958,484722.0,160.0
2014-04-17 17:49:00,88.43799999999996,238032.0,57.0
2014-04-17 17:54:00,88.22399999999998,223131.0,78.0
2014-04-17 17:59:00,92.166,217405.0,10.0
2014-04-17 18:04:00,93.958,232283.0,129.0
2014-04-17 18:09:00,92.916,524693.0,37.0
2014-04-17 18:14:00,93.74,214080.0,93.0
2014-04-17 18:19:00,92.042,232978.0,98.0
2014-04-17 18:24:00,92.208,215185.0,171.0
2014-04-17 18:29:00,94.738,224444.0,105.0
2014-04-17 18:34:00,94.6,230059.0,76.0
2014-04-17 18:39:00,91.708,221284.0,56.0
2014-04-17 18:44:00,92.224,543313.0,11.0
2014-04-17 18:49:00,92.542,219987.0,89.0
2014-04-17 18:54:00,93.326,237429.0,60.0
2014-04-17 18:59:00,92.776,227474.0,109.0
2014-04-17 19:04:00,88.484,234078.0,121.0
2014-04-17 19:09:00,93.408,625793.0,185.0
2014-04-17 19:14:00,95.128,227170.0,224.0
2014-04-17 19:19:00,92.46,220482.0,134.0
2014-04-17 19:24:00,90.958,235699.0,81.0
2014-04-17 19:29:00,89.824,226656.0,80.0
2014-04-17 19:34:00,89.92200000000004,213664.0,85.0
2014-04-17 19:39:00,89.00399999999998,227011.0,36.0
2014-04-17 19:44:00,89.25,920637.0,131.0
2014-04-17 19:49:00,88.626,239921.0,26.0
2014-04-17 19:54:00,94.518,229576.0,6.0
2014-04-17 19:59:00,93.898,237654.0,134.0
2014-04-17 20:04:00,91.764,226250.0,82.0
2014-04-17 20:09:00,93.168,799628.0,111.0
2014-04-17 20:14:00,89.11399999999998,227647.0,114.0
2014-04-17 20:19:00,93.076,228812.0,36.0
2014-04-17 20:24:00,91.014,229508.0,93.0
2014-04-17 20:29:00,91.078,223668.0,26.0
2014-04-17 20:34:00,94.792,235206.0,8.0
2014-04-17 20:39:00,93.332,206290.0,33.0
2014-04-17 20:44:00,93.88,501082.0,55.0
2014-04-17 20:49:00,94.124,235969.0,240.0
2014-04-17 20:54:00,94.542,229802.0,129.0
2014-04-17 20:59:00,92.126,230381.0,99.0
2014-04-17 21:04:00,92.166,225571.0,82.0
2014-04-17 21:09:00,94.458,713233.0,83.0
2014-04-17 21:14:00,92.25,218863.0,120.0
2014-04-17 21:19:00,92.834,240598.0,11.0
2014-04-17 21:24:00,91.428,217460.0,15.0
2014-04-17 21:29:00,93.292,235892.0,16.0
2014-04-17 21:34:00,91.792,210112.0,64.0
2014-04-17 21:39:00,92.666,234472.0,97.0
2014-04-17 21:44:00,95.042,828152.0,23.0
2014-04-17 21:49:00,92.25,228027.0,20.0
2014-04-17 21:54:00,90.916,232528.0,9.0
2014-04-17 21:59:00,93.88,222600.0,15.0
2014-04-17 22:04:00,92.124,219628.0,9.0
2014-04-17 22:09:00,95.042,815393.0,7.0
2014-04-17 22:14:00,92.542,232129.0,41.0
2014-04-17 22:19:00,91.042,229271.0,65.0
2014-04-17 22:24:00,92.75,244901.0,29.0
2014-04-17 22:29:00,90.416,217817.0,52.0
2014-04-17 22:34:00,94.084,243250.0,43.0
2014-04-17 22:39:00,92.166,234655.0,49.0
2014-04-17 22:44:00,91.208,902288.0,9.0
2014-04-17 22:49:00,91.916,236481.0,106.0
2014-04-17 22:54:00,90.916,233504.0,5.0
2014-04-17 22:59:00,93.43,229953.0,8.0
2014-04-17 23:04:00,92.874,229542.0,37.0
2014-04-17 23:09:00,96.262,595668.0,70.0
2014-04-17 23:14:00,93.378,214677.0,111.0
2014-04-17 23:19:00,92.45,236918.0,157.0
2014-04-17 23:24:00,93.19,222517.0,29.0
2014-04-17 23:29:00,93.982,227402.0,62.0
2014-04-17 23:34:00,93.26,232904.0,9.0
2014-04-17 23:39:00,90.75,234651.0,8.0
2014-04-17 23:44:00,92.064,467170.0,29.0
2014-04-17 23:49:00,94.866,228287.0,128.0
2014-04-17 23:54:00,93.162,219294.0,18.0
2014-04-17 23:59:00,93.34,223779.0,7.0
2014-04-18 00:04:00,92.642,240034.0,36.0
2014-04-18 00:09:00,94.834,698624.0,127.0
2014-04-18 00:14:00,91.666,236498.0,2.0
2014-04-18 00:19:00,91.584,219254.0,5.0
2014-04-18 00:24:00,92.666,229208.0,5.0
2014-04-18 00:29:00,93.618,229769.0,11.0
2014-04-18 00:34:00,94.568,222184.0,7.0
2014-04-18 00:39:00,93.334,215326.0,47.0
2014-04-18 00:44:00,94.166,907772.0,29.0
2014-04-18 00:49:00,92.584,233315.0,157.0
2014-04-18 00:54:00,94.95,199692.0,81.0
2014-04-18 00:59:00,91.644,214226.0,13.0
2014-04-18 01:04:00,87.874,209448.0,45.0
2014-04-18 01:09:00,92.494,235554.0,6.0
2014-04-18 01:14:00,90.968,189865.0,45.0
2014-04-18 01:19:00,92.374,229776.0,33.0
2014-04-18 01:24:00,93.042,202370.0,119.0
2014-04-18 01:29:00,92.542,214318.0,29.0
2014-04-18 01:34:00,93.624,207721.0,13.0
2014-04-18 01:39:00,92.458,222627.0,76.0
2014-04-18 01:44:00,94.21,203032.0,27.0
2014-04-18 01:49:00,89.834,204642.0,14.0
2014-04-18 01:54:00,89.656,212050.0,22.0
2014-04-18 01:59:00,94.116,240550.0,15.0
2014-04-18 02:04:00,90.084,224690.0,100.0
2014-04-18 02:09:00,94.772,219912.0,57.0
2014-04-18 02:14:00,91.376,221062.0,118.0
2014-04-18 02:19:00,93.126,208472.0,9.0
2014-04-18 02:24:00,92.908,225067.0,13.0
2014-04-18 02:29:00,91.684,197410.0,30.0
2014-04-18 02:34:00,90.708,226207.0,38.0
2014-04-18 02:39:00,92.94,204026.0,104.0
2014-04-18 02:44:00,88.042,203767.0,15.0
2014-04-18 02:49:00,89.666,219954.0,10.0
2014-04-18 02:54:00,89.208,217596.0,31.0
2014-04-18 02:59:00,94.034,205753.0,5.0
2014-04-18 03:04:00,90.432,216204.0,71.0
2014-04-18 03:09:00,94.0,227160.0,159.0
2014-04-18 03:14:00,92.612,225389.0,131.0
2014-04-18 03:19:00,94.19,212031.0,121.0
2014-04-18 03:24:00,92.766,204370.0,145.0
2014-04-18 03:29:00,95.134,205539.0,9.0
2014-04-18 03:34:00,89.98,216450.0,161.0
2014-04-18 03:39:00,88.916,210008.0,73.0
2014-04-18 03:44:00,88.792,219252.0,28.0
2014-04-18 03:49:00,89.448,209681.0,16.0
2014-04-18 03:54:00,90.042,216769.0,94.0
2014-04-18 03:59:00,90.334,215123.0,109.0
2014-04-18 04:04:00,87.662,207001.0,125.0
2014-04-18 04:09:00,91.422,237230.0,114.0
2014-04-18 04:14:00,91.848,215196.0,8.0
2014-04-18 04:19:00,94.458,214726.0,103.0
2014-04-18 04:24:00,91.876,219845.0,59.0
2014-04-18 04:29:00,93.698,212364.0,33.0
2014-04-18 04:34:00,93.07,216294.0,83.0
2014-04-18 04:39:00,91.574,222563.0,19.0
2014-04-18 04:44:00,90.738,210506.0,17.0
2014-04-18 04:49:00,90.544,222016.0,46.0
2014-04-18 04:54:00,90.428,213626.0,37.0
2014-04-18 04:59:00,92.626,230761.0,36.0
2014-04-18 05:04:00,88.0,220674.0,28.0
2014-04-18 05:09:00,93.292,245797.0,73.0
2014-04-18 05:14:00,92.916,217810.0,3.0
2014-04-18 05:19:00,92.374,221610.0,5.0
2014-04-18 05:24:00,92.958,211655.0,5.0
2014-04-18 05:29:00,90.542,213393.0,16.0
2014-04-18 05:34:00,93.5,228476.0,53.0
2014-04-18 05:39:00,91.916,217676.0,8.0
2014-04-18 05:44:00,90.608,219713.0,13.0
2014-04-18 05:49:00,92.208,208911.0,75.0
2014-04-18 05:54:00,90.208,228271.0,7.0
2014-04-18 05:59:00,91.856,206472.0,48.0
2014-04-18 06:04:00,90.334,225905.0,162.0
2014-04-18 06:09:00,94.716,215521.0,57.0
2014-04-18 06:14:00,91.376,208733.0,80.0
2014-04-18 06:19:00,90.458,209598.0,11.0
2014-04-18 06:24:00,93.352,226730.0,41.0
2014-04-18 06:29:00,88.428,206625.0,13.0
2014-04-18 06:34:00,92.084,203049.0,79.0
2014-04-18 06:39:00,92.75,218644.0,24.0
2014-04-18 06:44:00,91.708,207484.0,39.0
2014-04-18 06:49:00,92.124,214327.0,48.0
2014-04-18 06:54:00,93.084,212021.0,29.0
2014-04-18 06:59:00,95.542,220910.0,13.0
2014-04-18 07:04:00,86.208,193518.0,42.0
2014-04-18 07:09:00,95.416,240652.0,7.0
2014-04-18 07:14:00,91.916,198382.0,180.0
2014-04-18 07:19:00,87.084,210235.0,62.0
2014-04-18 07:24:00,84.488,220605.0,22.0
2014-04-18 07:29:00,89.416,907681.0,21.0
2014-04-18 07:34:00,85.208,224922.0,33.0
2014-04-18 07:39:00,90.0,203078.0,16.0
2014-04-18 07:44:00,83.29,215267.0,94.0
2014-04-18 07:49:00,89.366,205497.0,11.0
2014-04-18 07:59:00,89.682,204678.0,45.0
2014-04-18 08:04:00,89.258,210181.0,72.0
2014-04-18 08:09:00,94.708,226785.0,53.0
2014-04-18 08:14:00,92.458,202126.0,83.0
2014-04-18 08:19:00,86.988,223139.0,7.0
2014-04-18 08:24:00,87.64200000000002,205541.0,135.0
2014-04-18 08:29:00,89.75,219044.0,8.0
2014-04-18 08:34:00,88.426,216412.0,27.0
2014-04-18 08:39:00,85.208,216183.0,45.0
2014-04-18 08:44:00,88.916,209290.0,92.0
2014-04-18 08:49:00,83.75,219839.0,12.0
2014-04-18 08:54:00,89.986,210705.0,24.0
2014-04-18 08:59:00,89.78,214426.0,16.0
2014-04-18 09:04:00,90.572,181855.0,76.0
2014-04-18 09:09:00,95.636,234508.0,9.0
2014-04-18 09:14:00,91.974,203961.0,38.0
2014-04-18 09:19:00,87.876,215343.0,49.0
2014-04-18 09:24:00,84.584,220840.0,10.0
2014-04-18 09:29:00,89.0,198135.0,10.0
2014-04-18 09:34:00,86.626,220011.0,13.0
2014-04-18 09:39:00,85.334,215291.0,16.0
2014-04-18 09:44:00,88.666,219840.0,14.0
2014-04-18 09:49:00,89.772,209992.0,2.0
2014-04-18 09:54:00,87.516,215690.0,79.0
2014-04-18 09:59:00,90.374,182444.0,9.0
2014-04-18 10:04:00,87.458,218235.0,113.0
2014-04-18 10:09:00,93.876,226692.0,12.0
2014-04-18 10:14:00,92.208,203978.0,10.0
2014-04-18 10:19:00,86.52600000000002,226305.0,53.0
2014-04-18 10:24:00,92.604,207762.0,61.0
2014-04-18 10:29:00,92.0,212146.0,6.0
2014-04-18 10:34:00,89.584,207325.0,17.0
2014-04-18 10:39:00,88.53,227436.0,36.0
2014-04-18 10:44:00,89.23,188198.0,5.0
2014-04-18 10:49:00,87.042,219921.0,7.0
2014-04-18 10:54:00,87.454,217575.0,73.0
2014-04-18 10:59:00,87.126,198301.0,156.0
2014-04-18 11:04:00,87.646,232628.0,28.0
2014-04-18 11:09:00,88.666,206026.0,8.0
2014-04-18 11:14:00,92.84,220699.0,8.0
2014-04-18 11:19:00,89.208,203134.0,9.0
2014-04-18 11:24:00,89.084,218934.0,7.0
2014-04-18 11:29:00,94.292,202102.0,12.0
2014-04-18 11:34:00,92.376,213543.0,27.0
2014-04-18 11:39:00,88.874,205740.0,14.0
2014-04-18 11:44:00,87.416,225978.0,3.0
2014-04-18 11:49:00,87.24,210674.0,120.0
2014-04-18 11:54:00,86.17200000000004,205168.0,48.0
2014-04-18 11:59:00,85.626,214448.0,34.0
2014-04-18 12:04:00,87.416,209507.0,62.0
2014-04-18 12:09:00,91.084,235010.0,127.0
2014-04-18 12:14:00,90.664,208397.0,7.0
2014-04-18 12:19:00,92.376,207863.0,38.0
2014-04-18 12:24:00,93.02,207181.0,107.0
2014-04-18 12:29:00,89.23,207646.0,171.0
2014-04-18 12:34:00,86.876,215039.0,18.0
2014-04-18 12:39:00,87.042,221731.0,18.0
2014-04-18 12:44:00,86.48,203160.0,66.0
2014-04-18 12:49:00,87.126,208579.0,15.0
2014-04-18 12:54:00,84.792,223870.0,38.0
2014-04-18 12:59:00,87.416,204226.0,61.0
2014-04-18 13:04:00,85.75,213446.0,143.0
2014-04-18 13:09:00,92.75,224796.0,64.0
2014-04-18 13:14:00,89.834,220793.0,36.0
2014-04-18 13:19:00,90.33,203670.0,174.0
2014-04-18 13:24:00,91.35,214327.0,175.0
2014-04-18 13:29:00,91.774,198933.0,89.0
2014-04-18 13:34:00,86.626,221461.0,26.0
2014-04-18 13:39:00,90.0,212015.0,198.0
2014-04-18 13:44:00,88.134,206295.0,36.0
2014-04-18 13:49:00,90.968,207605.0,82.0
2014-04-18 13:54:00,88.042,212771.0,28.0
2014-04-18 13:59:00,85.626,221254.0,8.0
2014-04-18 14:04:00,84.042,203362.0,9.0
2014-04-18 14:09:00,94.874,240613.0,134.0
2014-04-18 14:14:00,90.75,209930.0,14.0
2014-04-18 14:19:00,92.792,220883.0,92.0
2014-04-18 14:24:00,86.288,218731.0,89.0
2014-04-18 14:29:00,88.75,211217.0,2.0
2014-04-18 14:34:00,87.416,209762.0,5.0
2014-04-18 14:39:00,90.51,214302.0,63.0
2014-04-18 14:44:00,90.876,215958.0,110.0
2014-04-18 14:49:00,89.756,211831.0,47.0
2014-04-18 14:54:00,88.09200000000001,208499.0,42.0
2014-04-18 14:59:00,87.916,212363.0,39.0
2014-04-18 15:04:00,87.124,220576.0,62.0
2014-04-18 15:09:00,92.5,220376.0,19.0
2014-04-18 15:14:00,93.458,216697.0,18.0
2014-04-18 15:19:00,87.792,218661.0,103.0
2014-04-18 15:24:00,87.0,216707.0,36.0
2014-04-18 15:29:00,85.334,205866.0,92.0
2014-04-18 15:34:00,88.458,219789.0,66.0
2014-04-18 15:39:00,90.374,206048.0,165.0
2014-04-18 15:44:00,85.594,212984.0,64.0
2014-04-18 15:49:00,88.916,221554.0,51.0
2014-04-18 15:54:00,85.166,202326.0,32.0
2014-04-18 15:59:00,90.292,222773.0,31.0
2014-04-18 16:04:00,88.042,215042.0,10.0
2014-04-18 16:09:00,87.292,224354.0,232.0
2014-04-18 16:14:00,89.49600000000002,200063.0,73.0
2014-04-18 16:19:00,93.042,224285.0,15.0
2014-04-18 16:24:00,91.25,221789.0,97.0
2014-04-18 16:29:00,92.334,227426.0,85.0
2014-04-18 16:34:00,87.75,215414.0,21.0
2014-04-18 16:39:00,88.098,215971.0,62.0
2014-04-18 16:44:00,86.876,214245.0,155.0
2014-04-18 16:49:00,87.416,216374.0,84.0
2014-04-18 16:54:00,88.01,235935.0,89.0
2014-04-18 16:59:00,86.75,193848.0,156.0
2014-04-18 17:04:00,87.792,214498.0,101.0
2014-04-18 17:09:00,87.374,216706.0,13.0
2014-04-18 17:14:00,91.75,209482.0,35.0
2014-04-18 17:19:00,92.416,217393.0,48.0
2014-04-18 17:24:00,90.042,197935.0,76.0
2014-04-18 17:29:00,86.75,220785.0,134.0
2014-04-18 17:34:00,89.682,210873.0,94.0
2014-04-18 17:39:00,86.934,207415.0,159.0
2014-04-18 17:44:00,87.834,206044.0,119.0
2014-04-18 17:49:00,86.5,227606.0,249.0
2014-04-18 17:54:00,88.0,207990.0,97.0
2014-04-18 17:59:00,86.62799999999999,213691.0,51.0
2014-04-18 18:04:00,87.794,213306.0,32.0
2014-04-18 18:09:00,91.158,230735.0,133.0
2014-04-18 18:14:00,90.73,213930.0,39.0
2014-04-18 18:19:00,92.874,213989.0,58.0
2014-04-18 18:24:00,86.916,216866.0,37.0
2014-04-18 18:29:00,85.626,209162.0,144.0
2014-04-18 18:34:00,90.742,223633.0,78.0
2014-04-18 18:39:00,90.674,218427.0,63.0
2014-04-18 18:44:00,86.936,201356.0,103.0
2014-04-18 18:49:00,84.958,211970.0,177.0
2014-04-18 18:54:00,89.792,224939.0,12.0
2014-04-18 18:59:00,87.25,202344.0,59.0
2014-04-18 19:04:00,88.594,255514.0,71.0
2014-04-18 19:09:00,92.186,188233.0,12.0
2014-04-18 19:14:00,91.042,203148.0,11.0
2014-04-18 19:19:00,90.118,228837.0,35.0
2014-04-18 19:24:00,92.1,208700.0,15.0
2014-04-18 19:29:00,91.458,202390.0,12.0
2014-04-18 19:34:00,92.792,214819.0,13.0
2014-04-18 19:39:00,90.516,210990.0,84.0
2014-04-18 19:44:00,89.564,211617.0,69.0
2014-04-18 19:49:00,89.488,220468.0,93.0
2014-04-18 19:54:00,92.23,202811.0,65.0
2014-04-18 19:59:00,91.876,225065.0,47.0
2014-04-18 20:04:00,86.744,206834.0,13.0
2014-04-18 20:09:00,94.124,223563.0,87.0
2014-04-18 20:14:00,93.334,215232.0,91.0
2014-04-18 20:19:00,91.376,211395.0,82.0
2014-04-18 20:24:00,87.626,213025.0,67.0
2014-04-18 20:29:00,86.5,201703.0,69.0
2014-04-18 20:34:00,87.60799999999998,232024.0,66.0
2014-04-18 20:39:00,87.708,198372.0,243.0
2014-04-18 20:44:00,86.542,212118.0,7.0
2014-04-18 20:49:00,87.3,231909.0,10.0
2014-04-18 20:54:00,87.914,205404.0,62.0
2014-04-18 20:59:00,87.626,205343.0,33.0
2014-04-18 21:04:00,87.416,203165.0,313.0
2014-04-18 21:09:00,90.376,229090.0,44.0
2014-04-18 21:14:00,90.692,209479.0,62.0
2014-04-18 21:19:00,93.042,210213.0,134.0
2014-04-18 21:24:00,87.446,219923.0,99.0
2014-04-18 21:29:00,89.792,230205.0,128.0
2014-04-18 21:34:00,87.874,214088.0,33.0
2014-04-18 21:39:00,86.416,199535.0,207.0
2014-04-18 21:44:00,86.876,207318.0,165.0
2014-04-18 21:49:00,87.126,230857.0,3.0
2014-04-18 21:54:00,87.898,209006.0,175.0
2014-04-18 21:59:00,88.084,202007.0,45.0
2014-04-18 22:04:00,92.584,229835.0,9.0
2014-04-18 22:09:00,92.944,234318.0,12.0
2014-04-18 22:14:00,95.014,214476.0,55.0
2014-04-18 22:19:00,88.42,208884.0,15.0
2014-04-18 22:24:00,88.042,219074.0,12.0
2014-04-18 22:29:00,87.666,206305.0,12.0
2014-04-18 22:34:00,87.542,215800.0,8.0
2014-04-18 22:39:00,86.084,210195.0,9.0
2014-04-18 22:44:00,87.708,220688.0,7.0
2014-04-18 22:49:00,88.292,212341.0,12.0
2014-04-18 22:54:00,85.256,213213.0,5.0
2014-04-18 22:59:00,87.708,192361.0,7.0
2014-04-18 23:04:00,90.75,204269.0,101.0
2014-04-18 23:09:00,92.88,223513.0,3.0
2014-04-18 23:14:00,92.258,216201.0,6.0
2014-04-18 23:19:00,93.286,226427.0,51.0
2014-04-18 23:24:00,92.584,204519.0,7.0
2014-04-18 23:29:00,90.482,217992.0,10.0
2014-04-18 23:34:00,87.584,221910.0,46.0
2014-04-18 23:39:00,86.75399999999998,203047.0,42.0
2014-04-18 23:44:00,87.042,197727.0,9.0
2014-04-18 23:49:00,86.916,221091.0,29.0
2014-04-18 23:54:00,86.542,218216.0,84.0
2014-04-18 23:59:00,89.334,209654.0,6.0
2014-04-19 00:04:00,86.67399999999998,225035.0,49.0
2014-04-19 00:09:00,93.624,219985.0,12.0
2014-04-19 00:14:00,92.25,208978.0,51.0
2014-04-19 00:19:00,91.124,221472.0,323.0
2014-04-19 00:24:00,88.666,215009.0,124.0
2014-04-19 00:29:00,85.5,180299.0,10.0
2014-04-19 00:34:00,91.152,234446.0,29.0
2014-04-19 00:39:00,87.458,204138.0,5.0
2014-04-19 00:44:00,84.458,197581.0,71.0
2014-04-19 00:49:00,91.916,215316.0,26.0
2014-04-19 00:54:00,89.166,215565.0,91.0
2014-04-19 00:59:00,87.708,221575.0,33.0
2014-04-19 01:04:00,87.876,221162.0,6.0
2014-04-19 01:09:00,89.458,223372.0,58.0
2014-04-19 01:14:00,92.47,204498.0,48.0
2014-04-19 01:19:00,91.126,238101.0,6.0
2014-04-19 01:24:00,89.584,200400.0,8.0
2014-04-19 01:29:00,87.0,216677.0,70.0
2014-04-19 01:34:00,88.25,205706.0,31.0
2014-04-19 01:39:00,86.958,196909.0,7.0
2014-04-19 01:44:00,87.25,214480.0,32.0
2014-04-19 01:49:00,87.584,221978.0,19.0
2014-04-19 01:54:00,86.584,210779.0,93.0
2014-04-19 01:59:00,90.75,204230.0,104.0
2014-04-19 02:04:00,89.042,235007.0,8.0
2014-04-19 02:09:00,94.124,224792.0,48.0
2014-04-19 02:14:00,91.208,205462.0,12.0
2014-04-19 02:19:00,91.084,205409.0,9.0
2014-04-19 02:24:00,89.166,218012.0,8.0
2014-04-19 02:29:00,87.916,200700.0,60.0
2014-04-19 02:34:00,88.05799999999998,222838.0,88.0
2014-04-19 02:39:00,85.626,214800.0,56.0
2014-04-19 02:44:00,86.708,204515.0,4.0
2014-04-19 02:49:00,86.416,226401.0,143.0
2014-04-19 02:54:00,88.758,201294.0,48.0
2014-04-19 02:59:00,87.916,220722.0,109.0
2014-04-19 03:04:00,88.25,209314.0,28.0
2014-04-19 03:09:00,86.82799999999996,230432.0,56.0
2014-04-19 03:14:00,93.042,184449.0,7.0
2014-04-19 03:19:00,92.798,224717.0,110.0
2014-04-19 03:24:00,85.958,206109.0,30.0
2014-04-19 03:29:00,86.292,197809.0,5.0
2014-04-19 03:34:00,88.088,211238.0,39.0
2014-04-19 03:39:00,85.788,203830.0,125.0
2014-04-19 03:44:00,90.084,212234.0,85.0
2014-04-19 03:49:00,86.834,212223.0,60.0
2014-04-19 03:54:00,86.834,219058.0,178.0
2014-04-19 03:59:00,86.25200000000002,208619.0,50.0
2014-04-19 04:04:00,87.126,232249.0,5.0
2014-04-19 04:09:00,94.0,218632.0,5.0
2014-04-19 04:14:00,92.792,207605.0,46.0
2014-04-19 04:19:00,86.708,210603.0,20.0
2014-04-19 04:24:00,87.296,209217.0,3.0
2014-04-19 04:29:00,85.708,209757.0,8.0
2014-04-19 04:34:00,86.166,204049.0,37.0
2014-04-19 04:39:00,87.584,220709.0,102.0
2014-04-19 04:44:00,88.126,199591.0,15.0
2014-04-19 04:49:00,84.32600000000002,222292.0,17.0
2014-04-19 04:54:00,90.354,198588.0,36.0
2014-04-19 04:59:00,87.572,213303.0,9.0
2014-04-19 05:04:00,88.166,218306.0,2.0
2014-04-19 05:09:00,93.834,215561.0,72.0
2014-04-19 05:14:00,90.708,208987.0,30.0
2014-04-19 05:19:00,91.708,217060.0,12.0
2014-04-19 05:24:00,89.458,214204.0,7.0
2014-04-19 05:29:00,86.874,196041.0,83.0
2014-04-19 05:34:00,86.764,214402.0,7.0
2014-04-19 05:39:00,84.834,210225.0,64.0
2014-04-19 05:44:00,88.458,215222.0,11.0
2014-04-19 05:49:00,85.876,219228.0,43.0
2014-04-19 05:54:00,88.584,198478.0,68.0
2014-04-19 05:59:00,90.542,206395.0,9.0
2014-04-19 06:04:00,88.666,215575.0,34.0
2014-04-19 06:09:00,89.376,229358.0,101.0
2014-04-19 06:14:00,93.916,203889.0,10.0
2014-04-19 06:19:00,91.428,232805.0,19.0
2014-04-19 06:24:00,86.666,206162.0,13.0
2014-04-19 06:29:00,86.916,210883.0,38.0
2014-04-19 06:34:00,87.334,215938.0,77.0
2014-04-19 06:39:00,90.768,212260.0,19.0
2014-04-19 06:44:00,86.376,203804.0,12.0
2014-04-19 06:49:00,87.542,225690.0,69.0
2014-04-19 06:54:00,87.25,210699.0,40.0
2014-04-19 06:59:00,87.584,205743.0,64.0
2014-04-19 07:04:00,87.084,209370.0,13.0
2014-04-19 07:09:00,87.57600000000002,218644.0,46.0
2014-04-19 07:14:00,90.458,209716.0,13.0
2014-04-19 07:19:00,93.838,204682.0,9.0
2014-04-19 07:24:00,89.458,226078.0,12.0
2014-04-19 07:29:00,89.834,197228.0,22.0
2014-04-19 07:34:00,87.75,234074.0,36.0
2014-04-19 07:39:00,86.334,201373.0,76.0
2014-04-19 07:44:00,88.334,214279.0,16.0
2014-04-19 07:49:00,85.984,209986.0,10.0
2014-04-19 07:54:00,88.18,214852.0,124.0
2014-04-19 07:59:00,87.556,196981.0,75.0
2014-04-19 08:04:00,87.72200000000002,212375.0,8.0
2014-04-19 08:09:00,88.75,218083.0,59.0
2014-04-19 08:14:00,92.916,209151.0,11.0
2014-04-19 08:19:00,93.126,209666.0,42.0
2014-04-19 08:24:00,87.666,204242.0,30.0
2014-04-19 08:29:00,89.542,211211.0,36.0
2014-04-19 08:34:00,87.584,216888.0,6.0
2014-04-19 08:39:00,87.542,214203.0,54.0
2014-04-19 08:44:00,86.376,187064.0,36.0
2014-04-19 08:49:00,87.458,227053.0,35.0
2014-04-19 08:54:00,87.916,199233.0,25.0
2014-04-19 08:59:00,88.126,214345.0,10.0
2014-04-19 09:04:00,87.25,225491.0,10.0
2014-04-19 09:09:00,88.792,214536.0,9.0
2014-04-19 09:14:00,93.416,214087.0,34.0
2014-04-19 09:19:00,92.334,217427.0,58.0
2014-04-19 09:24:00,84.584,213943.0,9.0
2014-04-19 09:29:00,89.094,203896.0,15.0
2014-04-19 09:34:00,89.35799999999998,219234.0,16.0
2014-04-19 09:39:00,87.792,201254.0,9.0
2014-04-19 09:44:00,90.792,218736.0,9.0
2014-04-19 09:49:00,87.75,215317.0,32.0
2014-04-19 09:54:00,87.958,205880.0,29.0
2014-04-19 09:59:00,87.792,214130.0,36.0
2014-04-19 10:04:00,88.834,221990.0,48.0
2014-04-19 10:09:00,92.75,228523.0,17.0
2014-04-19 10:14:00,92.834,199953.0,6.0
2014-04-19 10:19:00,88.126,226266.0,9.0
2014-04-19 10:24:00,87.166,197346.0,28.0
2014-04-19 10:29:00,87.834,215351.0,12.0
2014-04-19 10:34:00,85.758,206072.0,5.0
2014-04-19 10:39:00,88.876,205289.0,14.0
2014-04-19 10:44:00,86.666,204074.0,37.0
2014-04-19 10:49:00,87.25,211078.0,62.0
2014-04-19 10:54:00,86.758,214969.0,15.0
2014-04-19 10:59:00,87.1,204246.0,82.0
2014-04-19 11:04:00,87.322,222079.0,5.0
2014-04-19 11:09:00,95.876,211744.0,19.0
2014-04-19 11:14:00,90.126,214092.0,13.0
2014-04-19 11:19:00,88.126,221114.0,16.0
2014-04-19 11:24:00,87.458,223041.0,22.0
2014-04-19 11:29:00,86.834,198340.0,12.0
2014-04-19 11:34:00,87.88600000000002,214345.0,9.0
2014-04-19 11:39:00,84.79799999999999,204572.0,12.0
2014-04-19 11:44:00,85.208,197391.0,9.0
2014-04-19 11:49:00,89.958,220158.0,42.0
2014-04-19 11:54:00,84.376,196988.0,131.0
2014-04-19 11:59:00,92.916,208200.0,32.0
2014-04-19 12:04:00,91.75,205537.0,135.0
2014-04-19 12:09:00,93.334,228853.0,15.0
2014-04-19 12:14:00,93.166,210337.0,65.0
2014-04-19 12:19:00,86.416,213978.0,24.0
2014-04-19 12:24:00,86.708,204861.0,99.0
2014-04-19 12:29:00,89.834,207990.0,67.0
2014-04-19 12:34:00,83.874,208012.0,9.0
2014-04-19 12:39:00,90.334,212478.0,40.0
2014-04-19 12:44:00,85.81,207448.0,78.0
2014-04-19 12:49:00,89.514,213103.0,85.0
2014-04-19 12:54:00,88.21799999999998,219918.0,55.0
2014-04-19 12:59:00,87.584,209095.0,51.0
2014-04-19 13:04:00,88.0,224715.0,51.0
2014-04-19 13:09:00,93.056,219813.0,28.0
2014-04-19 13:14:00,91.246,207644.0,19.0
2014-04-19 13:19:00,89.376,204319.0,55.0
2014-04-19 13:24:00,85.834,235873.0,10.0
2014-04-19 13:29:00,89.0,204881.0,103.0
2014-04-19 13:34:00,86.9,220635.0,18.0
2014-04-19 13:39:00,87.37,199202.0,33.0
2014-04-19 13:44:00,86.0,204042.0,19.0
2014-04-19 13:49:00,86.04799999999999,215084.0,9.0
2014-04-19 13:54:00,90.812,205750.0,15.0
2014-04-19 13:59:00,86.292,204547.0,9.0
2014-04-19 14:04:00,87.0,211254.0,101.0
2014-04-19 14:09:00,91.08,228499.0,9.0
2014-04-19 14:14:00,92.126,204412.0,32.0
2014-04-19 14:19:00,92.54,218361.0,72.0
2014-04-19 14:24:00,86.734,204808.0,22.0
2014-04-19 14:29:00,88.52,195825.0,11.0
2014-04-19 14:34:00,90.916,214325.0,54.0
2014-04-19 14:39:00,86.416,220887.0,22.0
2014-04-19 14:44:00,86.91799999999998,213913.0,29.0
2014-04-19 14:49:00,88.376,206566.0,105.0
2014-04-19 14:54:00,89.61,215872.0,124.0
2014-04-19 14:59:00,87.35600000000002,204075.0,142.0
2014-04-19 15:04:00,87.166,215576.0,58.0
2014-04-19 15:09:00,89.292,227363.0,66.0
2014-04-19 15:14:00,93.084,208849.0,40.0
2014-04-19 15:19:00,92.75,209714.0,49.0
2014-04-19 15:24:00,85.992,219336.0,21.0
2014-04-19 15:29:00,87.75,207734.0,13.0
2014-04-19 15:34:00,86.02799999999998,211127.0,58.0
2014-04-19 15:39:00,90.542,189856.0,30.0
2014-04-19 15:44:00,87.25,209485.0,48.0
2014-04-19 15:49:00,87.708,226404.0,8.0
2014-04-19 15:54:00,87.958,206658.0,14.0
2014-04-19 15:59:00,88.084,208559.0,109.0
2014-04-19 16:04:00,88.37200000000001,214749.0,80.0
2014-04-19 16:09:00,90.292,240884.0,20.0
2014-04-19 16:14:00,93.084,198648.0,31.0
2014-04-19 16:19:00,94.416,208831.0,12.0
2014-04-19 16:24:00,88.126,223620.0,139.0
2014-04-19 16:29:00,85.666,197529.0,101.0
2014-04-19 16:34:00,89.542,231861.0,39.0
2014-04-19 16:39:00,87.302,205168.0,15.0
2014-04-19 16:44:00,86.708,200863.0,31.0
2014-04-19 16:49:00,87.208,209460.0,52.0
2014-04-19 16:54:00,87.876,221109.0,15.0
2014-04-19 16:59:00,87.83,205954.0,100.0
2014-04-19 17:04:00,87.626,219809.0,83.0
2014-04-19 17:09:00,87.916,219781.0,24.0
2014-04-19 17:14:00,93.458,213152.0,60.0
2014-04-19 17:19:00,90.624,208964.0,20.0
2014-04-19 17:24:00,85.33,202030.0,60.0
2014-04-19 17:29:00,89.042,208313.0,82.0
2014-04-19 17:34:00,89.072,210523.0,53.0
2014-04-19 17:39:00,87.542,212976.0,111.0
2014-04-19 17:44:00,86.874,209861.0,15.0
2014-04-19 17:49:00,87.792,222336.0,51.0
2014-04-19 17:54:00,85.762,213013.0,15.0
2014-04-19 17:59:00,87.52600000000002,206579.0,51.0
2014-04-19 18:04:00,86.17200000000004,210070.0,49.0
2014-04-19 18:09:00,93.0,222893.0,93.0
2014-04-19 18:14:00,90.542,223063.0,15.0
2014-04-19 18:19:00,92.998,212685.0,10.0
2014-04-19 18:24:00,88.45,220875.0,12.0
2014-04-19 18:29:00,91.146,203691.0,72.0
2014-04-19 18:34:00,85.07600000000002,207459.0,8.0
2014-04-19 18:39:00,84.75,204181.0,11.0
2014-04-19 18:44:00,91.416,198425.0,10.0
2014-04-19 18:49:00,91.59,214232.0,61.0
2014-04-19 18:54:00,87.916,216701.0,78.0
2014-04-19 18:59:00,87.208,204123.0,11.0
2014-04-19 19:04:00,87.196,233579.0,73.0
2014-04-19 19:09:00,95.124,209031.0,52.0
2014-04-19 19:14:00,94.042,204349.0,58.0
2014-04-19 19:19:00,89.458,221715.0,52.0
2014-04-19 19:24:00,85.75,210854.0,28.0
2014-04-19 19:29:00,91.124,214146.0,98.0
2014-04-19 19:34:00,87.834,205619.0,19.0
2014-04-19 19:39:00,87.792,212798.0,57.0
2014-04-19 19:44:00,87.374,215629.0,100.0
2014-04-19 19:49:00,87.064,224601.0,35.0
2014-04-19 19:54:00,87.846,199350.0,11.0
2014-04-19 19:59:00,88.416,204397.0,101.0
2014-04-19 20:04:00,88.834,226771.0,12.0
2014-04-19 20:09:00,90.39,224136.0,36.0
2014-04-19 20:14:00,92.584,217945.0,48.0
2014-04-19 20:19:00,92.288,200224.0,39.0
2014-04-19 20:24:00,86.5,230444.0,228.0
2014-04-19 20:29:00,83.5,203982.0,128.0
2014-04-19 20:34:00,88.10600000000002,209317.0,62.0
2014-04-19 20:39:00,89.916,215135.0,23.0
2014-04-19 20:44:00,89.834,214915.0,13.0
2014-04-19 20:49:00,86.88600000000002,203284.0,68.0
2014-04-19 20:54:00,88.166,215899.0,62.0
2014-04-19 20:59:00,85.916,218172.0,93.0
2014-04-19 21:04:00,88.44,202767.0,30.0
2014-04-19 21:09:00,91.542,245948.0,57.0
2014-04-19 21:14:00,90.416,209784.0,12.0
2014-04-19 21:19:00,92.708,211830.0,13.0
2014-04-19 21:24:00,88.166,217469.0,32.0
2014-04-19 21:29:00,92.292,197765.0,35.0
2014-04-19 21:34:00,87.0,210040.0,9.0
2014-04-19 21:39:00,91.584,217098.0,4.0
2014-04-19 21:44:00,86.834,203955.0,8.0
2014-04-19 21:49:00,87.07,216448.0,42.0
2014-04-19 21:54:00,84.792,220274.0,6.0
2014-04-19 21:59:00,91.918,207501.0,32.0
2014-04-19 22:04:00,88.208,218092.0,125.0
2014-04-19 22:09:00,89.5,228689.0,5.0
2014-04-19 22:14:00,91.802,207598.0,7.0
2014-04-19 22:19:00,94.674,210139.0,44.0
2014-04-19 22:24:00,87.958,212652.0,29.0
2014-04-19 22:29:00,90.542,210117.0,7.0
2014-04-19 22:34:00,88.042,230038.0,14.0
2014-04-19 22:39:00,87.166,200123.0,12.0
2014-04-19 22:44:00,86.916,210393.0,107.0
2014-04-19 22:49:00,86.708,208040.0,42.0
2014-04-19 22:54:00,85.792,225554.0,50.0
2014-04-19 22:59:00,87.708,213134.0,19.0
2014-04-19 23:04:00,88.876,221550.0,6.0
2014-04-19 23:09:00,91.0,219428.0,32.0
2014-04-19 23:14:00,92.342,220671.0,6.0
2014-04-19 23:19:00,93.828,212390.0,9.0
2014-04-19 23:24:00,90.084,208361.0,7.0
2014-04-19 23:29:00,87.73,218991.0,29.0
2014-04-19 23:34:00,88.302,218356.0,5.0
2014-04-19 23:39:00,89.834,199871.0,10.0
2014-04-19 23:44:00,86.084,218555.0,12.0
2014-04-19 23:49:00,87.88799999999998,219058.0,5.0
2014-04-19 23:54:00,87.34200000000001,221937.0,6.0
2014-04-19 23:59:00,88.708,196691.0,5.0
2014-04-20 00:04:00,84.874,232916.0,62.0
2014-04-20 00:09:00,93.458,223388.0,114.0
2014-04-20 00:14:00,92.834,211914.0,69.0
2014-04-20 00:19:00,93.166,204802.0,4.0
2014-04-20 00:24:00,92.292,237022.0,86.0
2014-04-20 00:29:00,88.624,200600.0,120.0
2014-04-20 00:34:00,87.384,211971.0,27.0
2014-04-20 00:39:00,87.542,221608.0,33.0
2014-04-20 00:44:00,86.834,212618.0,72.0
2014-04-20 00:49:00,87.208,217432.0,7.0
2014-04-20 00:54:00,87.458,206846.0,4.0
2014-04-20 00:59:00,85.458,220209.0,27.0
2014-04-20 01:04:00,87.79,213426.0,79.0
2014-04-20 01:09:00,89.374,238211.0,4.0
2014-04-20 01:14:00,88.5,207262.0,4.0
2014-04-20 01:19:00,91.124,238301.0,4.0
2014-04-20 01:24:00,90.5,202344.0,65.0
2014-04-20 01:29:00,87.958,204756.0,12.0
2014-04-20 01:34:00,90.584,218957.0,4.0
2014-04-20 01:39:00,90.27,204048.0,10.0
2014-04-20 01:44:00,87.834,214352.0,8.0
2014-04-20 01:49:00,87.374,217601.0,19.0
2014-04-20 01:54:00,84.708,210319.0,47.0
2014-04-20 01:59:00,89.584,210714.0,9.0
2014-04-20 02:04:00,88.208,221409.0,10.0
2014-04-20 02:09:00,90.834,218726.0,92.0
2014-04-20 02:14:00,91.042,213689.0,7.0
2014-04-20 02:19:00,92.25,209612.0,6.0
2014-04-20 02:24:00,88.416,207980.0,6.0
2014-04-20 02:29:00,88.374,205004.0,79.0
2014-04-20 02:34:00,88.126,207585.0,85.0
2014-04-20 02:39:00,89.384,207212.0,4.0
2014-04-20 02:44:00,86.916,204106.0,7.0
2014-04-20 02:49:00,87.584,227338.0,81.0
2014-04-20 02:54:00,87.25,203892.0,32.0
2014-04-20 02:59:00,89.25,214202.0,30.0
2014-04-20 03:04:00,87.708,210976.0,7.0
2014-04-20 03:09:00,92.792,235601.0,3.0
2014-04-20 03:14:00,90.512,204128.0,23.0
2014-04-20 03:19:00,92.084,211271.0,25.0
2014-04-20 03:24:00,89.88600000000002,214199.0,4.0
2014-04-20 03:29:00,88.0,203991.0,45.0
2014-04-20 03:34:00,88.24799999999998,229463.0,9.0
2014-04-20 03:39:00,86.876,203832.0,140.0
2014-04-20 03:44:00,86.88600000000002,214490.0,51.0
2014-04-20 03:49:00,86.542,220445.0,9.0
2014-04-20 03:54:00,85.042,214016.0,18.0
2014-04-20 03:59:00,91.626,211569.0,14.0
2014-04-20 04:04:00,87.066,235180.0,2.0
2014-04-20 04:09:00,90.152,224911.0,56.0
2014-04-20 04:19:00,94.432,204413.0,129.0
2014-04-20 04:24:00,90.626,219222.0,3.0
2014-04-20 04:29:00,85.5,204533.0,9.0
2014-04-20 04:34:00,87.376,204659.0,3.0
2014-04-20 04:39:00,88.37,233583.0,10.0
2014-04-20 04:44:00,87.624,207576.0,43.0
2014-04-20 04:49:00,88.286,206019.0,23.0
2014-04-20 04:54:00,90.75,212976.0,30.0
2014-04-20 04:59:00,86.0,211351.0,5.0
2014-04-20 05:04:00,88.208,211739.0,8.0
2014-04-20 05:09:00,89.334,217560.0,116.0
2014-04-20 05:14:00,95.084,226971.0,78.0
2014-04-20 05:19:00,93.85,195931.0,4.0
2014-04-20 05:24:00,89.712,213552.0,68.0
2014-04-20 05:29:00,88.126,219538.0,30.0
2014-04-20 05:34:00,86.506,221002.0,128.0
2014-04-20 05:39:00,87.416,215646.0,14.0
2014-04-20 05:44:00,87.084,227147.0,19.0
2014-04-20 05:49:00,86.958,207195.0,18.0
2014-04-20 05:54:00,89.084,228604.0,80.0
2014-04-20 05:59:00,88.154,210854.0,72.0
2014-04-20 06:04:00,87.666,210599.0,51.0
2014-04-20 06:09:00,95.932,251045.0,27.0
2014-04-20 06:14:00,94.624,204245.0,9.0
2014-04-20 06:19:00,92.166,219750.0,11.0
2014-04-20 06:24:00,90.09,221702.0,100.0
2014-04-20 06:29:00,87.62,219850.0,50.0
2014-04-20 06:34:00,87.584,216247.0,95.0
2014-04-20 06:39:00,87.876,235683.0,46.0
2014-04-20 06:44:00,87.25,218954.0,10.0
2014-04-20 06:49:00,86.85799999999998,225688.0,13.0
2014-04-20 06:54:00,85.374,217794.0,129.0
2014-04-20 06:59:00,91.542,224887.0,10.0
2014-04-20 07:04:00,87.74799999999998,224771.0,82.0
2014-04-20 07:09:00,90.166,229828.0,56.0
2014-04-20 07:14:00,92.916,232090.0,10.0
2014-04-20 07:19:00,88.876,209603.0,10.0
2014-04-20 07:24:00,87.588,224724.0,81.0
2014-04-20 07:29:00,90.834,219774.0,54.0
2014-04-20 07:34:00,89.166,214358.0,7.0
2014-04-20 07:39:00,88.042,224555.0,15.0
2014-04-20 07:44:00,87.874,232645.0,20.0
2014-04-20 07:49:00,87.38,217576.0,9.0
2014-04-20 07:54:00,88.792,217325.0,6.0
2014-04-20 07:59:00,88.166,227360.0,14.0
2014-04-20 08:04:00,88.0,217716.0,69.0
2014-04-20 08:09:00,93.834,248667.0,19.0
2014-04-20 08:14:00,92.334,216033.0,36.0
2014-04-20 08:19:00,91.084,222790.0,90.0
2014-04-20 08:24:00,87.792,213287.0,19.0
2014-04-20 08:29:00,87.67399999999998,227596.0,12.0
2014-04-20 08:34:00,87.624,210490.0,99.0
2014-04-20 08:39:00,88.084,221299.0,58.0
2014-04-20 08:44:00,87.042,210728.0,8.0
2014-04-20 08:49:00,86.52799999999998,226722.0,35.0
2014-04-20 08:54:00,86.116,213233.0,12.0
2014-04-20 08:59:00,87.958,216131.0,53.0
2014-04-20 09:04:00,89.416,222701.0,5.0
2014-04-20 09:09:00,90.964,229599.0,45.0
2014-04-20 09:14:00,93.258,220590.0,26.0
2014-04-20 09:19:00,90.096,204231.0,13.0
2014-04-20 09:24:00,88.584,228096.0,15.0
2014-04-20 09:29:00,87.75,203753.0,10.0
2014-04-20 09:34:00,86.584,220834.0,13.0
2014-04-20 09:39:00,87.25,217471.0,13.0
2014-04-20 09:44:00,87.32799999999996,214938.0,34.0
2014-04-20 09:49:00,86.96,221679.0,23.0
2014-04-20 09:54:00,88.6,220295.0,67.0
2014-04-20 09:59:00,88.39200000000002,221105.0,25.0
2014-04-20 10:04:00,87.76,206714.0,11.0
2014-04-20 10:09:00,93.084,247271.0,8.0
2014-04-20 10:14:00,93.584,204648.0,19.0
2014-04-20 10:19:00,90.708,226723.0,25.0
2014-04-20 10:24:00,87.25,208394.0,42.0
2014-04-20 10:29:00,87.208,221043.0,49.0
2014-04-20 10:34:00,87.666,210503.0,10.0
2014-04-20 10:39:00,88.042,222217.0,10.0
2014-04-20 10:44:00,87.416,222793.0,42.0
2014-04-20 10:49:00,86.87799999999999,210718.0,61.0
2014-04-20 10:54:00,87.666,222654.0,13.0
2014-04-20 10:59:00,86.208,216275.0,48.0
2014-04-20 11:04:00,88.292,217122.0,13.0
2014-04-20 11:09:00,89.666,226275.0,34.0
2014-04-20 11:14:00,92.334,220639.0,6.0
2014-04-20 11:19:00,93.166,211825.0,14.0
2014-04-20 11:24:00,87.596,221175.0,70.0
2014-04-20 11:29:00,87.834,211021.0,10.0
2014-04-20 11:34:00,86.834,203816.0,29.0
2014-04-20 11:39:00,87.462,234385.0,11.0
2014-04-20 11:44:00,87.126,203816.0,11.0
2014-04-20 11:49:00,86.916,220982.0,34.0
2014-04-20 11:54:00,88.25,219157.0,43.0
2014-04-20 11:59:00,88.5,220958.0,38.0
2014-04-20 12:04:00,87.916,208780.0,14.0
2014-04-20 12:09:00,92.25,241755.0,36.0
2014-04-20 12:14:00,94.2,222830.0,9.0
2014-04-20 12:19:00,90.208,222040.0,52.0
2014-04-20 12:24:00,88.792,216388.0,13.0
2014-04-20 12:29:00,85.792,206272.0,13.0
2014-04-20 12:34:00,87.0,215994.0,37.0
2014-04-20 12:39:00,88.0,217602.0,38.0
2014-04-20 12:44:00,86.75399999999998,226290.0,56.0
2014-04-20 12:49:00,90.916,209931.0,12.0
2014-04-20 12:54:00,88.542,222682.0,63.0
2014-04-20 12:59:00,87.414,210713.0,12.0
2014-04-20 13:04:00,87.708,221287.0,68.0
2014-04-20 13:09:00,88.584,236509.0,98.0
2014-04-20 13:14:00,93.5,226102.0,27.0
2014-04-20 13:19:00,92.624,219417.0,10.0
2014-04-20 13:24:00,85.786,210013.0,25.0
2014-04-20 13:29:00,88.824,217832.0,17.0
2014-04-20 13:34:00,87.334,212221.0,13.0
2014-04-20 13:39:00,87.042,219837.0,46.0
2014-04-20 13:44:00,89.456,206166.0,160.0
2014-04-20 13:49:00,86.916,219032.0,20.0
2014-04-20 13:54:00,88.374,213332.0,13.0
2014-04-20 13:59:00,88.206,215330.0,87.0
2014-04-20 14:04:00,87.958,216371.0,47.0
2014-04-20 14:09:00,90.672,240138.0,8.0
2014-04-20 14:14:00,91.624,207401.0,36.0
2014-04-20 14:19:00,92.0,217679.0,38.0
2014-04-20 14:24:00,89.414,223923.0,190.0
2014-04-20 14:29:00,92.0,210728.0,63.0
2014-04-20 14:34:00,89.916,214386.0,80.0
2014-04-20 14:39:00,87.626,216727.0,84.0
2014-04-20 14:44:00,87.03200000000002,220713.0,87.0
2014-04-20 14:49:00,86.852,217179.0,13.0
2014-04-20 14:54:00,87.198,221815.0,34.0
2014-04-20 14:59:00,86.792,216036.0,34.0
2014-04-20 15:04:00,89.792,215418.0,8.0
2014-04-20 15:09:00,90.124,230405.0,73.0
2014-04-20 15:14:00,91.792,214973.0,8.0
2014-04-20 15:19:00,92.25,222888.0,28.0
2014-04-20 15:24:00,85.916,216213.0,10.0
2014-04-20 15:29:00,88.126,214717.0,52.0
2014-04-20 15:34:00,87.916,214156.0,9.0
2014-04-20 15:39:00,86.334,226757.0,44.0
2014-04-20 15:44:00,87.792,199187.0,12.0
2014-04-20 15:49:00,89.084,220761.0,284.0
2014-04-20 15:54:00,87.824,225087.0,66.0
2014-04-20 15:59:00,88.75,214881.0,25.0
2014-04-20 16:04:00,87.458,216338.0,41.0
2014-04-20 16:09:00,90.042,237916.0,11.0
2014-04-20 16:14:00,89.214,216251.0,36.0
2014-04-20 16:19:00,90.75,210810.0,14.0
2014-04-20 16:24:00,89.458,240991.0,36.0
2014-04-20 16:29:00,89.0,200805.0,43.0
2014-04-20 16:34:00,87.126,220796.0,76.0
2014-04-20 16:39:00,90.43,222718.0,46.0
2014-04-20 16:44:00,87.458,221810.0,37.0
2014-04-20 16:49:00,87.334,209683.0,127.0
2014-04-20 16:54:00,85.834,233323.0,66.0
2014-04-20 16:59:00,90.916,203470.0,33.0
2014-04-20 17:04:00,88.25,216864.0,119.0
2014-04-20 17:09:00,95.416,233858.0,69.0
2014-04-20 17:14:00,93.97,210644.0,12.0
2014-04-20 17:19:00,88.5,226377.0,217.0
2014-04-20 17:24:00,87.846,211773.0,17.0
2014-04-20 17:29:00,86.21799999999998,232378.0,21.0
2014-04-20 17:34:00,89.66,210204.0,139.0
2014-04-20 17:39:00,87.244,233650.0,13.0
2014-04-20 17:44:00,88.868,203902.0,41.0
2014-04-20 17:49:00,87.564,221011.0,40.0
2014-04-20 17:54:00,87.006,230352.0,31.0
2014-04-20 17:59:00,93.902,217982.0,7.0
2014-04-20 18:04:00,87.944,204812.0,88.0
2014-04-20 18:09:00,94.986,235968.0,51.0
2014-04-20 18:14:00,93.072,218757.0,10.0
2014-04-20 18:19:00,91.364,208472.0,10.0
2014-04-20 18:24:00,87.792,227264.0,69.0
2014-04-20 18:29:00,92.458,216148.0,16.0
2014-04-20 18:34:00,86.75399999999998,226559.0,20.0
2014-04-20 18:39:00,88.0,218296.0,18.0
2014-04-20 18:44:00,87.49600000000002,220071.0,43.0
2014-04-20 18:49:00,87.294,211267.0,94.0
2014-04-20 18:54:00,88.354,222805.0,7.0
2014-04-20 18:59:00,87.876,224648.0,43.0
2014-04-20 19:04:00,86.876,204474.0,12.0
2014-04-20 19:09:00,92.374,253363.0,59.0
2014-04-20 19:14:00,92.042,204384.0,12.0
2014-04-20 19:19:00,91.5,222168.0,13.0
2014-04-20 19:24:00,87.834,231049.0,90.0
2014-04-20 19:29:00,88.084,202087.0,14.0
2014-04-20 19:34:00,90.75,202216.0,55.0
2014-04-20 19:39:00,87.916,232597.0,123.0
2014-04-20 19:44:00,87.626,216763.0,220.0
2014-04-20 19:49:00,87.36,208897.0,150.0
2014-04-20 19:54:00,89.22,236491.0,42.0
2014-04-20 19:59:00,88.96,210893.0,7.0
2014-04-20 20:04:00,88.166,226756.0,81.0
2014-04-20 20:09:00,88.958,229868.0,89.0
2014-04-20 20:14:00,95.5,223753.0,18.0
2014-04-20 20:19:00,91.792,210827.0,104.0
2014-04-20 20:24:00,88.584,233587.0,86.0
2014-04-20 20:29:00,87.83,210710.0,47.0
2014-04-20 20:34:00,88.25,226983.0,10.0
2014-04-20 20:39:00,88.958,222544.0,9.0
2014-04-20 20:44:00,86.874,219834.0,82.0
2014-04-20 20:49:00,87.208,207045.0,102.0
2014-04-20 20:54:00,89.126,232213.0,65.0
2014-04-20 20:59:00,87.792,214247.0,91.0
2014-04-20 21:04:00,86.5,211098.0,27.0
2014-04-20 21:09:00,88.084,242373.0,35.0
2014-04-20 21:14:00,93.132,205857.0,136.0
2014-04-20 21:19:00,93.588,226445.0,119.0
2014-04-20 21:24:00,92.916,216911.0,94.0
2014-04-20 21:29:00,90.056,227730.0,7.0
2014-04-20 21:34:00,87.014,204141.0,66.0
2014-04-20 21:39:00,88.166,229521.0,64.0
2014-04-20 21:44:00,88.43,220815.0,139.0
2014-04-20 21:49:00,87.334,216944.0,79.0
2014-04-20 21:54:00,88.542,218494.0,58.0
2014-04-20 21:59:00,88.834,218773.0,20.0
2014-04-20 22:04:00,89.124,215335.0,54.0
2014-04-20 22:09:00,93.354,240105.0,2.0
2014-04-20 22:14:00,92.792,221984.0,42.0
2014-04-20 22:19:00,89.208,217826.0,4.0
2014-04-20 22:24:00,88.25,225926.0,25.0
2014-04-20 22:29:00,87.958,212967.0,3.0
2014-04-20 22:34:00,87.834,214505.0,31.0
2014-04-20 22:39:00,89.044,241133.0,121.0
2014-04-20 22:44:00,87.11399999999998,211519.0,35.0
2014-04-20 22:49:00,87.208,207264.0,3.0
2014-04-20 22:54:00,89.042,229190.0,10.0
2014-04-20 22:59:00,87.584,219665.0,14.0
2014-04-20 23:04:00,86.75,217716.0,8.0
2014-04-20 23:09:00,89.958,239260.0,9.0
2014-04-20 23:14:00,94.442,210376.0,9.0
2014-04-20 23:19:00,93.084,235911.0,7.0
2014-04-20 23:24:00,92.75,220741.0,55.0
2014-04-20 23:29:00,89.116,203102.0,8.0
2014-04-20 23:34:00,87.42,230348.0,30.0
2014-04-20 23:39:00,87.25,211747.0,20.0
2014-04-20 23:44:00,87.74,232208.0,7.0
2014-04-20 23:49:00,87.46600000000002,215562.0,63.0
2014-04-20 23:54:00,89.37799999999999,229330.0,11.0
2014-04-20 23:59:00,88.126,216654.0,5.0
2014-04-21 00:04:00,88.208,223048.0,102.0
2014-04-21 00:09:00,94.124,239541.0,63.0
2014-04-21 00:14:00,93.006,218738.0,9.0
2014-04-21 00:19:00,91.666,220449.0,167.0
2014-04-21 00:24:00,87.916,211052.0,5.0
2014-04-21 00:29:00,87.458,222233.0,9.0
2014-04-21 00:34:00,87.584,211509.0,91.0
2014-04-21 00:39:00,88.412,228908.0,4.0
2014-04-21 00:44:00,85.62,213622.0,5.0
2014-04-21 00:49:00,88.396,224830.0,145.0
2014-04-21 00:54:00,84.584,218302.0,27.0
2014-04-21 00:59:00,90.042,233279.0,96.0
2014-04-21 01:04:00,89.17399999999998,221332.0,37.0
2014-04-21 01:09:00,91.572,251691.0,114.0
2014-04-21 01:14:00,91.334,215000.0,97.0
2014-04-21 01:19:00,94.638,228164.0,46.0
2014-04-21 01:24:00,87.398,238008.0,6.0
2014-04-21 01:29:00,87.74600000000002,213834.0,6.0
2014-04-21 01:34:00,91.334,219034.0,2.0
2014-04-21 01:39:00,87.834,222015.0,74.0
2014-04-21 01:44:00,87.958,230459.0,164.0
2014-04-21 01:49:00,87.75399999999998,217897.0,81.0
2014-04-21 01:54:00,89.042,241161.0,57.0
2014-04-21 01:59:00,88.124,211846.0,176.0
2014-04-21 02:04:00,88.626,221554.0,113.0
2014-04-21 02:09:00,90.834,235457.0,6.0
2014-04-21 02:14:00,92.208,215725.0,38.0
2014-04-21 02:19:00,91.916,223285.0,22.0
2014-04-21 02:24:00,88.876,217500.0,140.0
2014-04-21 02:29:00,88.708,228535.0,13.0
2014-04-21 02:34:00,91.916,211414.0,76.0
2014-04-21 02:39:00,88.87799999999999,232210.0,27.0
2014-04-21 02:44:00,87.54,210725.0,4.0
2014-04-21 02:49:00,87.084,215054.0,53.0
2014-04-21 02:54:00,88.334,223010.0,44.0
2014-04-21 02:59:00,88.0,235903.0,65.0
2014-04-21 03:04:00,88.166,230673.0,6.0
2014-04-21 03:09:00,90.548,241114.0,3.0
2014-04-21 03:14:00,92.792,213123.0,2.0
2014-04-21 03:19:00,94.376,209192.0,2.0
2014-04-21 03:24:00,90.124,232511.0,6.0
2014-04-21 03:29:00,88.042,222755.0,5.0
2014-04-21 03:34:00,86.834,227102.0,101.0
2014-04-21 03:39:00,86.75,216610.0,3.0
2014-04-21 03:44:00,86.69200000000002,220775.0,27.0
2014-04-21 03:49:00,87.25,215595.0,83.0
2014-04-21 03:54:00,87.792,229621.0,78.0
2014-04-21 03:59:00,87.416,217405.0,39.0
2014-04-21 04:04:00,90.842,225801.0,128.0
2014-04-21 04:09:00,87.95,230306.0,71.0
2014-04-21 04:14:00,91.906,213279.0,126.0
2014-04-21 04:19:00,91.5,230201.0,9.0
2014-04-21 04:24:00,91.834,226641.0,57.0
2014-04-21 04:29:00,89.708,222929.0,182.0
2014-04-21 04:34:00,90.368,209162.0,10.0
2014-04-21 04:39:00,92.654,218238.0,51.0
2014-04-21 04:44:00,87.292,221598.0,11.0
2014-04-21 04:49:00,87.126,215536.0,31.0
2014-04-21 04:54:00,85.196,237967.0,54.0
2014-04-21 04:59:00,90.968,226021.0,45.0
2014-04-21 05:04:00,86.876,227342.0,52.0
2014-04-21 05:09:00,90.042,229714.0,90.0
2014-04-21 05:14:00,90.874,236350.0,12.0
2014-04-21 05:19:00,92.396,214046.0,33.0
2014-04-21 05:24:00,94.212,231612.0,6.0
2014-04-21 05:29:00,89.82799999999996,223809.0,7.0
2014-04-21 05:34:00,88.166,232056.0,33.0
2014-04-21 05:39:00,87.834,217216.0,34.0
2014-04-21 05:44:00,87.626,231403.0,14.0
2014-04-21 05:49:00,87.958,224576.0,53.0
2014-04-21 05:54:00,89.704,245953.0,15.0
2014-04-21 05:59:00,88.84200000000001,229395.0,8.0
2014-04-21 06:04:00,88.962,211109.0,108.0
2014-04-21 06:09:00,91.5,254569.0,75.0
2014-04-21 06:14:00,89.626,225228.0,3.0
2014-04-21 06:19:00,91.792,233296.0,29.0
2014-04-21 06:24:00,93.376,223321.0,35.0
2014-04-21 06:29:00,90.458,215895.0,5.0
2014-04-21 06:34:00,90.322,224845.0,131.0
2014-04-21 06:39:00,89.804,236259.0,10.0
2014-04-21 06:44:00,87.374,218666.0,6.0
2014-04-21 06:49:00,87.876,205021.0,10.0
2014-04-21 06:54:00,89.712,240646.0,3.0
2014-04-21 06:59:00,88.916,233003.0,13.0
2014-04-21 07:04:00,87.958,223752.0,4.0
2014-04-21 07:09:00,89.626,231208.0,7.0
2014-04-21 07:14:00,91.376,221155.0,1.0
2014-04-21 07:19:00,88.0,222481.0,135.0
2014-04-21 07:24:00,88.588,226754.0,11.0
2014-04-21 07:29:00,91.586,195809.0,12.0
2014-04-21 07:34:00,89.708,234945.0,43.0
2014-04-21 07:39:00,87.876,217694.0,18.0
2014-04-21 07:44:00,87.25,210745.0,9.0
2014-04-21 07:49:00,88.91,232711.0,17.0
2014-04-21 07:54:00,86.86,219515.0,4.0
2014-04-21 07:59:00,91.904,225543.0,32.0
2014-04-21 08:04:00,88.62200000000001,207794.0,70.0
2014-04-21 08:09:00,91.25,242283.0,7.0
2014-04-21 08:14:00,92.27,217429.0,7.0
2014-04-21 08:19:00,94.666,217854.0,5.0
2014-04-21 08:24:00,91.124,218013.0,4.0
2014-04-21 08:29:00,89.124,227721.0,45.0
2014-04-21 08:34:00,88.542,218346.0,2.0
2014-04-21 08:39:00,86.88799999999998,226212.0,50.0
2014-04-21 08:44:00,86.584,225118.0,39.0
2014-04-21 08:49:00,89.334,213030.0,47.0
2014-04-21 08:54:00,90.05,225419.0,12.0
2014-04-21 08:59:00,88.73,211670.0,15.0
2014-04-21 09:04:00,87.334,215554.0,93.0
2014-04-21 09:09:00,92.208,224864.0,12.0
2014-04-21 09:14:00,94.416,230639.0,48.0
2014-04-21 09:19:00,89.0,211698.0,11.0
2014-04-21 09:24:00,88.126,232611.0,7.0
2014-04-21 09:29:00,87.458,210801.0,58.0
2014-04-21 09:34:00,87.11200000000002,218614.0,26.0
2014-04-21 09:39:00,88.876,220827.0,9.0
2014-04-21 09:44:00,87.25,222739.0,23.0
2014-04-21 09:49:00,87.666,225115.0,10.0
2014-04-21 09:54:00,88.686,214818.0,8.0
2014-04-21 09:59:00,84.89200000000002,226548.0,18.0
2014-04-21 10:04:00,89.634,209534.0,61.0
2014-04-21 10:09:00,95.666,247671.0,11.0
2014-04-21 10:14:00,93.25,216768.0,59.0
2014-04-21 10:19:00,93.916,232546.0,37.0
2014-04-21 10:24:00,94.558,222530.0,47.0
2014-04-21 10:29:00,90.86,215330.0,20.0
2014-04-21 10:34:00,94.568,228582.0,10.0
2014-04-21 10:39:00,96.34,228257.0,27.0
2014-04-21 10:44:00,93.584,216318.0,7.0
2014-04-21 10:49:00,91.876,214953.0,14.0
2014-04-21 10:54:00,93.584,236142.0,18.0
2014-04-21 10:59:00,92.576,222721.0,9.0
2014-04-21 11:04:00,92.022,219701.0,39.0
2014-04-21 11:09:00,92.458,240185.0,9.0
2014-04-21 11:14:00,91.428,225975.0,11.0
2014-04-21 11:19:00,91.208,219542.0,15.0
2014-04-21 11:24:00,91.334,212952.0,8.0
2014-04-21 11:29:00,90.874,224379.0,43.0
2014-04-21 11:34:00,94.128,223526.0,11.0
2014-04-21 11:39:00,93.334,219573.0,11.0
2014-04-21 11:44:00,93.792,213750.0,32.0
2014-04-21 11:49:00,91.952,232481.0,9.0
2014-04-21 11:54:00,94.208,211585.0,47.0
2014-04-21 11:59:00,94.126,231740.0,19.0
2014-04-21 12:04:00,92.916,216364.0,127.0
2014-04-21 12:09:00,94.166,235890.0,34.0
2014-04-21 12:14:00,93.292,216842.0,59.0
2014-04-21 12:19:00,93.624,219491.0,8.0
2014-04-21 12:24:00,93.75,225915.0,25.0
2014-04-21 12:29:00,92.666,214281.0,66.0
2014-04-21 12:34:00,91.75,227195.0,13.0
2014-04-21 12:39:00,93.048,219327.0,44.0
2014-04-21 12:44:00,93.374,224325.0,35.0
2014-04-21 12:49:00,94.0,212904.0,16.0
2014-04-21 12:54:00,94.542,229117.0,29.0
2014-04-21 12:59:00,92.0,217353.0,45.0
2014-04-21 13:04:00,94.0,231698.0,67.0
2014-04-21 13:09:00,94.916,243017.0,144.0
2014-04-21 13:14:00,92.9,208605.0,29.0
2014-04-21 13:19:00,94.124,227533.0,234.0
2014-04-21 13:24:00,92.606,211600.0,81.0
2014-04-21 13:29:00,92.958,232384.0,12.0
2014-04-21 13:34:00,94.042,209935.0,171.0
2014-04-21 13:39:00,93.334,230653.0,51.0
2014-04-21 13:44:00,92.124,214430.0,60.0
2014-04-21 13:49:00,92.5,227685.0,91.0
2014-04-21 13:54:00,94.25,230352.0,71.0
2014-04-21 13:59:00,90.208,218657.0,63.0
2014-04-21 14:04:00,92.448,222358.0,10.0
2014-04-21 14:09:00,91.936,238251.0,126.0
2014-04-21 14:14:00,92.124,215859.0,156.0
2014-04-21 14:19:00,91.0,216969.0,91.0
2014-04-21 14:24:00,90.834,233571.0,41.0
2014-04-21 14:29:00,90.834,201094.0,30.0
2014-04-21 14:34:00,91.5,230135.0,99.0
2014-04-21 14:39:00,88.166,228931.0,16.0
2014-04-21 14:44:00,91.876,224823.0,40.0
2014-04-21 14:49:00,91.416,213915.0,88.0
2014-04-21 14:54:00,92.708,237665.0,140.0
2014-04-21 14:59:00,92.584,219545.0,82.0
2014-04-21 15:04:00,92.916,218121.0,105.0
2014-04-21 15:09:00,95.0,245153.0,190.0
2014-04-21 15:14:00,93.584,208244.0,55.0
2014-04-21 15:19:00,94.084,231645.0,47.0
2014-04-21 15:24:00,92.458,208425.0,63.0
2014-04-21 15:29:00,91.76,231354.0,21.0
2014-04-21 15:34:00,92.5,208047.0,134.0
2014-04-21 15:39:00,91.176,237695.0,76.0
2014-04-21 15:44:00,93.334,207193.0,62.0
2014-04-21 15:49:00,91.166,214942.0,62.0
2014-04-21 15:54:00,92.75,279234.0,67.0
2014-04-21 15:59:00,89.584,226928.0,72.0
2014-04-21 16:04:00,91.0,221287.0,42.0
2014-04-21 16:09:00,95.642,244096.0,152.0
2014-04-21 16:14:00,90.416,239760.0,98.0
2014-04-21 16:19:00,92.084,218644.0,15.0
2014-04-21 16:24:00,93.084,244452.0,33.0
2014-04-21 16:29:00,90.334,221464.0,40.0
2014-04-21 16:34:00,88.056,227643.0,158.0
2014-04-21 16:39:00,93.834,214474.0,41.0
2014-04-21 16:44:00,92.376,229697.0,20.0
2014-04-21 16:49:00,92.916,215312.0,32.0
2014-04-21 16:54:00,91.106,234352.0,150.0
2014-04-21 16:59:00,92.458,221010.0,132.0
2014-04-21 17:04:00,92.958,220066.0,64.0
2014-04-21 17:09:00,93.834,246216.0,106.0
2014-04-21 17:14:00,93.084,218571.0,38.0
2014-04-21 17:19:00,91.916,232530.0,124.0
2014-04-21 17:24:00,92.208,220825.0,44.0
2014-04-21 17:29:00,93.666,223291.0,152.0
2014-04-21 17:34:00,93.416,243912.0,234.0
2014-04-21 17:39:00,93.75,233628.0,105.0
2014-04-21 17:44:00,93.328,222785.0,32.0
2014-04-21 17:49:00,92.126,200521.0,85.0
2014-04-21 17:54:00,93.584,236415.0,12.0
2014-04-21 17:59:00,91.05,219075.0,35.0
2014-04-21 18:04:00,92.166,218630.0,12.0
2014-04-21 18:09:00,94.666,296345.0,37.0
2014-04-21 18:14:00,92.416,259292.0,10.0
2014-04-21 18:19:00,92.25,213002.0,96.0
2014-04-21 18:24:00,88.666,233690.0,125.0
2014-04-21 18:29:00,89.124,207392.0,160.0
2014-04-21 18:34:00,90.584,233650.0,24.0
2014-04-21 18:39:00,93.624,224797.0,45.0
2014-04-21 18:44:00,91.25,210615.0,103.0
2014-04-21 18:49:00,93.624,235548.0,158.0
2014-04-21 18:54:00,95.578,227105.0,129.0
2014-04-21 18:59:00,92.958,236102.0,222.0
2014-04-21 19:04:00,92.792,208858.0,173.0
2014-04-21 19:09:00,94.542,250642.0,37.0
2014-04-21 19:14:00,91.584,217795.0,10.0
2014-04-21 19:19:00,92.792,224665.0,84.0
2014-04-21 19:24:00,94.124,226895.0,33.0
2014-04-21 19:29:00,87.958,233444.0,16.0
2014-04-21 19:34:00,92.0,221669.0,71.0
2014-04-21 19:39:00,94.5,233040.0,12.0
2014-04-21 19:44:00,93.334,231051.0,56.0
2014-04-21 19:49:00,92.208,213399.0,13.0
2014-04-21 19:54:00,92.222,237429.0,49.0
2014-04-21 19:59:00,93.208,215713.0,159.0
2014-04-21 20:04:00,94.958,230458.0,12.0
2014-04-21 20:09:00,93.78,233414.0,34.0
2014-04-21 20:14:00,92.916,220187.0,12.0
2014-04-21 20:19:00,93.1,221008.0,36.0
2014-04-21 20:24:00,94.584,224175.0,126.0
2014-04-21 20:29:00,91.916,228607.0,74.0
2014-04-21 20:34:00,93.0,220329.0,12.0
2014-04-21 20:39:00,92.708,222529.0,10.0
2014-04-21 20:44:00,91.4,218033.0,152.0
2014-04-21 20:49:00,91.702,227010.0,67.0
2014-04-21 20:54:00,93.0,231439.0,103.0
2014-04-21 20:59:00,92.338,227371.0,219.0
2014-04-21 21:04:00,91.876,215278.0,35.0
2014-04-21 21:09:00,95.084,250756.0,100.0
2014-04-21 21:14:00,93.916,221505.0,53.0
2014-04-21 21:19:00,88.958,227698.0,105.0
2014-04-21 21:24:00,90.3,224500.0,122.0
2014-04-21 21:29:00,93.416,225260.0,73.0
2014-04-21 21:34:00,91.126,208288.0,60.0
2014-04-21 21:39:00,92.874,222669.0,330.0
2014-04-21 21:44:00,92.28,251471.0,204.0
2014-04-21 21:49:00,92.542,205303.0,30.0
2014-04-21 21:54:00,93.416,224961.0,112.0
2014-04-21 21:59:00,90.862,216981.0,90.0
2014-04-21 22:04:00,82.75,230024.0,144.0
2014-04-21 22:09:00,91.124,238913.0,66.0
2014-04-21 22:14:00,90.25,231211.0,91.0
2014-04-21 22:19:00,91.042,208965.0,134.0
2014-04-21 22:24:00,90.046,223018.0,104.0
2014-04-21 22:29:00,86.51,224867.0,73.0
2014-04-21 22:34:00,86.484,203497.0,168.0
2014-04-21 22:39:00,89.208,230220.0,105.0
2014-04-21 22:44:00,89.084,218715.0,56.0
2014-04-21 22:49:00,87.93,230273.0,97.0
2014-04-21 22:54:00,86.666,220700.0,37.0
2014-04-21 22:59:00,91.084,234867.0,12.0
2014-04-21 23:04:00,90.448,220021.0,33.0
2014-04-21 23:09:00,94.334,245582.0,38.0
2014-04-21 23:14:00,89.708,219278.0,69.0
2014-04-21 23:19:00,87.958,223509.0,70.0
2014-04-21 23:24:00,92.458,219662.0,34.0
2014-04-21 23:29:00,91.292,223819.0,31.0
2014-04-21 23:34:00,90.334,222732.0,127.0
2014-04-21 23:39:00,88.166,220370.0,12.0
2014-04-21 23:44:00,89.41,230295.0,57.0
2014-04-21 23:49:00,90.554,190326.0,155.0
2014-04-21 23:54:00,89.83200000000002,232766.0,83.0
2014-04-21 23:59:00,88.458,228579.0,245.0
2014-04-22 00:04:00,87.374,234936.0,76.0
2014-04-22 00:09:00,93.834,218319.0,121.0
2014-04-22 00:14:00,91.124,237351.0,75.0
2014-04-22 00:19:00,90.158,213256.0,9.0
2014-04-22 00:24:00,89.17,203562.0,41.0
2014-04-22 00:29:00,88.05,235412.0,65.0
2014-04-22 00:34:00,87.81200000000004,208293.0,74.0
2014-04-22 00:39:00,89.46,236527.0,110.0
2014-04-22 00:44:00,87.602,212312.0,160.0
2014-04-22 00:49:00,87.46,222683.0,208.0
2014-04-22 00:54:00,88.916,219082.0,5.0
2014-04-22 00:59:00,87.084,237067.0,21.0
2014-04-22 01:04:00,88.152,207151.0,5.0
2014-04-22 01:09:00,93.696,240847.0,131.0
2014-04-22 01:14:00,85.08,231219.0,129.0
2014-04-22 01:19:00,85.958,209724.0,51.0
2014-04-22 01:24:00,88.624,220675.0,65.0
2014-04-22 01:29:00,88.084,211194.0,70.0
2014-04-22 01:34:00,87.208,224914.0,158.0
2014-04-22 01:39:00,88.376,215319.0,28.0
2014-04-22 01:44:00,90.292,231972.0,33.0
2014-04-22 01:49:00,89.792,204270.0,49.0
2014-04-22 01:54:00,91.896,239542.0,3.0
2014-04-22 01:59:00,90.5,207548.0,88.0
2014-04-22 02:04:00,87.292,218401.0,42.0
2014-04-22 02:09:00,92.05,228787.0,33.0
2014-04-22 02:14:00,90.662,220392.0,6.0
2014-04-22 02:19:00,89.764,223196.0,7.0
2014-04-22 02:24:00,89.0,219502.0,2.0
2014-04-22 02:29:00,84.666,234470.0,4.0
2014-04-22 02:34:00,88.5,221626.0,86.0
2014-04-22 02:39:00,86.75,237746.0,7.0
2014-04-22 02:44:00,86.458,203785.0,2.0
2014-04-22 02:49:00,88.208,231320.0,31.0
2014-04-22 02:54:00,86.25,216169.0,41.0
2014-04-22 02:59:00,87.346,218680.0,97.0
2014-04-22 03:04:00,87.584,213803.0,123.0
2014-04-22 03:09:00,89.208,234845.0,23.0
2014-04-22 03:14:00,84.376,230420.0,3.0
2014-04-22 03:19:00,79.166,223912.0,44.0
2014-04-22 03:24:00,88.416,218506.0,91.0
2014-04-22 03:29:00,91.954,207308.0,67.0
2014-04-22 03:34:00,94.75,230667.0,29.0
2014-04-22 03:39:00,95.458,217988.0,223.0
2014-04-22 03:44:00,93.958,224789.0,21.0
2014-04-22 03:49:00,92.708,213788.0,42.0
2014-04-22 03:54:00,94.37,207304.0,39.0
2014-04-22 03:59:00,94.428,234193.0,48.0
2014-04-22 04:04:00,96.166,214056.0,33.0
2014-04-22 04:09:00,93.042,236061.0,50.0
2014-04-22 04:14:00,89.042,218317.0,75.0
2014-04-22 04:19:00,89.626,226657.0,34.0
2014-04-22 04:24:00,89.542,211031.0,1.0
2014-04-22 04:29:00,89.5,224777.0,56.0
2014-04-22 04:34:00,83.166,204939.0,27.0
2014-04-22 04:39:00,94.542,228510.0,92.0
2014-04-22 04:44:00,95.208,214208.0,46.0
2014-04-22 04:49:00,93.75,218471.0,8.0
2014-04-22 04:54:00,92.542,225617.0,35.0
2014-04-22 04:59:00,94.75,214467.0,24.0
2014-04-22 05:04:00,95.0,225167.0,13.0
2014-04-22 05:09:00,95.75,232020.0,31.0
2014-04-22 05:14:00,92.238,230559.0,18.0
2014-04-22 05:19:00,95.0,220409.0,66.0
2014-04-22 05:24:00,96.586,235363.0,10.0
2014-04-22 05:29:00,93.376,213471.0,8.0
2014-04-22 05:34:00,94.416,237437.0,7.0
2014-04-22 05:39:00,96.042,222478.0,36.0
2014-04-22 05:44:00,90.916,215784.0,31.0
2014-04-22 05:49:00,88.834,237372.0,6.0
2014-04-22 05:54:00,88.084,225358.0,4.0
2014-04-22 05:59:00,86.28399999999998,232634.0,22.0
2014-04-22 06:04:00,89.916,209563.0,48.0
2014-04-22 06:09:00,92.208,249989.0,207.0
2014-04-22 06:14:00,92.0,213588.0,34.0
2014-04-22 06:19:00,92.042,226904.0,6.0
2014-04-22 06:24:00,88.682,227195.0,17.0
2014-04-22 06:29:00,95.126,213815.0,53.0
2014-04-22 06:34:00,92.458,220300.0,8.0
2014-04-22 06:39:00,94.084,231306.0,77.0
2014-04-22 06:44:00,94.75,231631.0,36.0
2014-04-22 06:49:00,93.374,218549.0,121.0
2014-04-22 06:54:00,95.958,237681.0,4.0
2014-04-22 06:59:00,95.378,222988.0,60.0
2014-04-22 07:04:00,94.624,217443.0,8.0
2014-04-22 07:09:00,93.916,231922.0,4.0
2014-04-22 07:14:00,95.72,230459.0,6.0
2014-04-22 07:19:00,94.014,219506.0,84.0
2014-04-22 07:24:00,95.458,233843.0,3.0
2014-04-22 07:29:00,93.91,223904.0,24.0
2014-04-22 07:34:00,95.534,193530.0,1.0
2014-04-22 07:39:00,94.208,236008.0,7.0
2014-04-22 07:44:00,92.64,211791.0,9.0
2014-04-22 07:49:00,95.458,229313.0,37.0
2014-04-22 07:54:00,91.458,222770.0,5.0
2014-04-22 07:59:00,95.876,225733.0,26.0
2014-04-22 08:04:00,94.542,216521.0,112.0
2014-04-22 08:09:00,92.084,242060.0,34.0
2014-04-22 08:14:00,93.69,228373.0,11.0
2014-04-22 08:19:00,93.834,222707.0,48.0
2014-04-22 08:24:00,94.5,234527.0,14.0
2014-04-22 08:29:00,92.292,204375.0,74.0
2014-04-22 08:34:00,95.916,230964.0,96.0
2014-04-22 08:39:00,96.042,199193.0,56.0
2014-04-22 08:44:00,95.584,228854.0,81.0
2014-04-22 08:49:00,96.5,217702.0,8.0
2014-04-22 08:54:00,94.708,228305.0,54.0
2014-04-22 08:59:00,94.166,217834.0,34.0
2014-04-22 09:04:00,88.376,228929.0,3.0
2014-04-22 09:09:00,92.624,235861.0,67.0
2014-04-22 09:14:00,93.0,235661.0,119.0
2014-04-22 09:19:00,94.334,216595.0,13.0
2014-04-22 09:24:00,91.584,215446.0,75.0
2014-04-22 09:29:00,92.584,219810.0,5.0
2014-04-22 09:34:00,93.242,217357.0,14.0
2014-04-22 09:39:00,93.834,232667.0,147.0
2014-04-22 09:44:00,93.666,223225.0,38.0
2014-04-22 09:49:00,93.126,212934.0,6.0
2014-04-22 09:54:00,94.708,221356.0,84.0
2014-04-22 09:59:00,92.37,230536.0,8.0
2014-04-22 10:04:00,91.542,217552.0,98.0
2014-04-22 10:09:00,96.792,240604.0,120.0
2014-04-22 10:14:00,91.794,222002.0,89.0
2014-04-22 10:19:00,93.584,203429.0,37.0
2014-04-22 10:24:00,94.61,238662.0,6.0
2014-04-22 10:29:00,94.278,210955.0,16.0
2014-04-22 10:34:00,91.25,229404.0,87.0
2014-04-22 10:39:00,93.75,220710.0,33.0
2014-04-22 10:44:00,92.916,234863.0,48.0
2014-04-22 10:49:00,94.542,211733.0,6.0
2014-04-22 10:54:00,90.626,239246.0,41.0
2014-04-22 10:59:00,91.292,199820.0,31.0
2014-04-22 11:04:00,94.958,232564.0,27.0
2014-04-22 11:09:00,97.874,237756.0,49.0
2014-04-22 11:14:00,95.914,214582.0,95.0
2014-04-22 11:19:00,94.472,219875.0,6.0
2014-04-22 11:24:00,96.124,232667.0,8.0
2014-04-22 11:29:00,96.416,219045.0,37.0
2014-04-22 11:34:00,95.888,217815.0,6.0
2014-04-22 11:39:00,96.666,239488.0,34.0
2014-04-22 11:44:00,96.292,210913.0,9.0
2014-04-22 11:49:00,91.414,235752.0,11.0
2014-04-22 11:54:00,91.486,220144.0,41.0
2014-04-22 11:59:00,96.664,222714.0,28.0
2014-04-22 12:04:00,95.0,217981.0,97.0
2014-04-22 12:09:00,97.0,233239.0,84.0
2014-04-22 12:14:00,96.624,211171.0,41.0
2014-04-22 12:19:00,96.166,217719.0,152.0
2014-04-22 12:24:00,95.286,231845.0,74.0
2014-04-22 12:29:00,96.376,217345.0,75.0
2014-04-22 12:34:00,93.666,230717.0,45.0
2014-04-22 12:39:00,92.806,220652.0,168.0
2014-04-22 12:44:00,95.36,226478.0,7.0
2014-04-22 12:49:00,95.186,214581.0,29.0
2014-04-22 12:54:00,95.25,233765.0,123.0
2014-04-22 12:59:00,89.75,217443.0,5.0
2014-04-22 13:04:00,95.966,234769.0,36.0
2014-04-22 13:09:00,96.99,229150.0,155.0
2014-04-22 13:14:00,97.084,224187.0,44.0
2014-04-22 13:19:00,95.582,222623.0,5.0
2014-04-22 13:24:00,95.792,211101.0,128.0
2014-04-22 13:29:00,95.166,234621.0,22.0
2014-04-22 13:34:00,94.334,212188.0,57.0
2014-04-22 13:39:00,91.842,231987.0,62.0
2014-04-22 13:44:00,96.166,228616.0,66.0
2014-04-22 13:49:00,95.64,243865.0,63.0
2014-04-22 13:54:00,95.956,223262.0,34.0
2014-04-22 13:59:00,95.542,218520.0,7.0
2014-04-22 14:04:00,92.458,230067.0,2.0
2014-04-22 14:09:00,97.708,238806.0,81.0
2014-04-22 14:14:00,94.416,228993.0,70.0
2014-04-22 14:19:00,93.334,202095.0,109.0
2014-04-22 14:24:00,91.792,219335.0,52.0
2014-04-22 14:29:00,89.916,224419.0,50.0
2014-04-22 14:34:00,88.916,229002.0,109.0
2014-04-22 14:39:00,93.458,216234.0,7.0
2014-04-22 14:44:00,92.11,229161.0,38.0
2014-04-22 14:49:00,90.278,222884.0,64.0
2014-04-22 14:54:00,92.5,218339.0,10.0
2014-04-22 14:59:00,91.166,229586.0,61.0
2014-04-22 15:04:00,92.052,217489.0,88.0
2014-04-22 15:09:00,93.42,246252.0,54.0
2014-04-22 15:14:00,89.084,219603.0,163.0
2014-04-22 15:19:00,93.0,230688.0,50.0
2014-04-22 15:24:00,91.666,220755.0,19.0
2014-04-22 15:29:00,89.5,257105.0,4.0
2014-04-22 15:34:00,89.546,211141.0,192.0
2014-04-22 15:39:00,91.666,232097.0,44.0
2014-04-22 15:44:00,93.278,216798.0,49.0
2014-04-22 15:49:00,95.972,223915.0,62.0
2014-04-22 15:54:00,93.946,223060.0,4.0
2014-04-22 15:59:00,95.376,217821.0,94.0
2014-04-22 16:04:00,92.62,1246660.0,151.0
2014-04-22 16:09:00,94.464,555224.0,152.0
2014-04-22 16:14:00,95.566,220550.0,35.0
2014-04-22 16:19:00,94.714,217106.0,42.0
2014-04-22 16:24:00,95.626,231583.0,84.0
2014-04-22 16:29:00,93.508,244629.0,69.0
2014-04-22 16:34:00,92.562,221488.0,9.0
2014-04-22 16:39:00,92.876,221274.0,68.0
2014-04-22 16:44:00,94.158,237482.0,72.0
2014-04-22 16:49:00,93.02,211282.0,11.0
2014-04-22 16:54:00,92.292,228341.0,308.0
2014-04-22 16:59:00,87.874,223265.0,97.0
2014-04-22 17:04:00,90.166,232919.0,200.0
2014-04-22 17:09:00,91.834,243507.0,100.0
2014-04-22 17:14:00,89.126,226656.0,109.0
2014-04-22 17:19:00,84.124,240483.0,43.0
2014-04-22 17:24:00,85.958,233125.0,230.0
2014-04-22 17:29:00,84.624,232987.0,181.0
2014-04-22 17:34:00,89.792,242199.0,151.0
2014-04-22 17:39:00,91.936,241588.0,179.0
2014-04-22 17:44:00,88.834,247785.0,44.0
2014-04-22 17:49:00,91.292,224782.0,125.0
2014-04-22 17:54:00,91.876,317390.0,12.0
2014-04-22 17:59:00,91.666,221005.0,116.0
2014-04-22 18:04:00,92.666,245830.0,150.0
2014-04-22 18:09:00,96.292,246456.0,87.0
2014-04-22 18:14:00,88.458,240656.0,69.0
2014-04-22 18:19:00,90.292,230208.0,10.0
2014-04-22 18:24:00,92.042,248762.0,64.0
2014-04-22 18:29:00,93.5,233527.0,244.0
2014-04-22 18:34:00,92.042,223613.0,99.0
2014-04-22 18:39:00,91.54,247728.0,11.0
2014-04-22 18:44:00,91.822,223990.0,32.0
2014-04-22 18:49:00,92.48,222941.0,57.0
2014-04-22 18:54:00,92.576,472777.0,40.0
2014-04-22 18:59:00,90.334,232671.0,86.0
2014-04-22 19:04:00,89.874,233532.0,136.0
2014-04-22 19:09:00,92.948,265341.0,116.0
2014-04-22 19:14:00,92.274,224148.0,84.0
2014-04-22 19:19:00,91.442,238968.0,150.0
2014-04-22 19:24:00,92.25,226963.0,48.0
2014-04-22 19:29:00,91.792,228503.0,175.0
2014-04-22 19:34:00,90.616,235255.0,656.0
2014-04-22 19:39:00,92.946,223164.0,256.0
2014-04-22 19:44:00,89.166,237282.0,195.0
2014-04-22 19:49:00,90.374,220982.0,338.0
2014-04-22 19:54:00,93.126,253386.0,13.0
2014-04-22 19:59:00,89.266,220454.0,145.0
2014-04-22 20:04:00,90.542,247950.0,173.0
2014-04-22 20:09:00,93.5,247267.0,120.0
2014-04-22 20:14:00,92.166,523317.0,92.0
2014-04-22 20:19:00,92.53,223712.0,27.0
2014-04-22 20:24:00,91.198,232183.0,79.0
2014-04-22 20:29:00,91.17,231731.0,90.0
2014-04-22 20:34:00,91.834,228030.0,131.0
2014-04-22 20:39:00,87.334,239739.0,235.0
2014-04-22 20:44:00,91.584,215050.0,42.0
2014-04-22 20:49:00,91.57,239479.0,88.0
2014-04-22 20:54:00,89.458,229227.0,136.0
2014-04-22 20:59:00,93.876,242070.0,239.0
2014-04-22 21:04:00,90.0,235986.0,61.0
2014-04-22 21:09:00,94.958,262951.0,55.0
2014-04-22 21:14:00,90.082,452608.0,135.0
2014-04-22 21:19:00,91.778,222134.0,102.0
2014-04-22 21:24:00,91.842,247702.0,112.0
2014-04-22 21:29:00,83.13,217442.0,184.0
2014-04-22 21:34:00,88.5,236610.0,184.0
2014-04-22 21:39:00,91.542,240383.0,64.0
2014-04-22 21:44:00,91.292,235410.0,112.0
2014-04-22 21:49:00,92.374,227164.0,114.0
2014-04-22 21:54:00,91.208,242271.0,174.0
2014-04-22 21:59:00,87.916,230253.0,229.0
2014-04-22 22:04:00,91.708,235559.0,102.0
2014-04-22 22:09:00,94.874,250094.0,114.0
2014-04-22 22:14:00,89.834,465898.0,89.0
2014-04-22 22:19:00,91.25,232394.0,59.0
2014-04-22 22:24:00,92.25,234563.0,36.0
2014-04-22 22:29:00,91.708,218227.0,26.0
2014-04-22 22:34:00,90.416,223479.0,227.0
2014-04-22 22:39:00,93.126,238666.0,52.0
2014-04-22 22:44:00,90.166,227979.0,11.0
2014-04-22 22:49:00,90.084,230210.0,84.0
2014-04-22 22:54:00,92.876,233726.0,52.0
2014-04-22 22:59:00,91.042,241911.0,14.0
2014-04-22 23:04:00,92.316,246337.0,9.0
2014-04-22 23:09:00,95.954,244864.0,50.0
2014-04-22 23:14:00,93.126,438627.0,88.0
2014-04-22 23:19:00,92.05,220248.0,84.0
2014-04-22 23:24:00,90.876,245101.0,120.0
2014-04-22 23:29:00,91.416,229671.0,50.0
2014-04-22 23:34:00,90.79,235448.0,144.0
2014-04-22 23:39:00,93.416,232806.0,94.0
2014-04-22 23:44:00,91.002,235012.0,17.0
2014-04-22 23:49:00,94.958,215884.0,109.0
2014-04-22 23:54:00,93.208,252788.0,79.0
2014-04-22 23:59:00,91.458,224804.0,45.0
2014-04-23 00:04:00,93.378,224502.0,24.0
2014-04-23 00:09:00,94.042,264987.0,56.0
2014-04-23 00:14:00,91.416,451258.0,78.0
2014-04-23 00:19:00,89.88799999999998,235800.0,36.0
2014-04-23 00:24:00,91.084,243254.0,53.0
2014-04-23 00:29:00,90.084,229459.0,4.0
2014-04-23 00:34:00,88.876,230580.0,30.0
2014-04-23 00:39:00,88.876,242070.0,64.0
2014-04-23 00:44:00,92.374,221810.0,106.0
2014-04-23 00:49:00,88.584,231370.0,25.0
2014-04-23 00:54:00,89.666,232233.0,6.0
2014-04-23 00:59:00,94.5,215279.0,9.0
2014-04-23 01:04:00,92.042,242632.0,127.0
2014-04-23 01:09:00,95.084,240926.0,153.0
2014-04-23 01:14:00,93.458,227641.0,47.0
2014-04-23 01:19:00,95.084,228500.0,36.0
2014-04-23 01:24:00,93.166,232254.0,27.0
2014-04-23 01:29:00,94.084,222507.0,18.0
2014-04-23 01:34:00,92.792,223343.0,91.0
2014-04-23 01:39:00,91.5,235761.0,94.0
2014-04-23 01:44:00,95.042,225191.0,179.0
2014-04-23 01:49:00,95.916,223836.0,184.0
2014-04-23 01:54:00,93.042,231002.0,59.0
2014-04-23 01:59:00,92.75,229829.0,301.0
2014-04-23 02:04:00,92.628,237074.0,56.0
2014-04-23 02:09:00,95.25,241653.0,117.0
2014-04-23 02:14:00,95.122,224903.0,76.0
2014-04-23 02:19:00,93.116,220480.0,64.0
2014-04-23 02:24:00,89.072,228771.0,76.0
2014-04-23 02:29:00,90.0,226277.0,78.0
2014-04-23 02:34:00,93.25,225054.0,8.0
2014-04-23 02:39:00,90.666,231525.0,100.0
2014-04-23 02:44:00,91.334,212597.0,13.0
2014-04-23 02:49:00,88.958,224087.0,66.0
2014-04-23 02:54:00,89.75,219026.0,69.0
2014-04-23 02:59:00,90.334,220440.0,106.0
2014-04-23 03:04:00,91.624,231002.0,110.0
2014-04-23 03:09:00,94.626,236595.0,11.0
2014-04-23 03:14:00,89.458,236257.0,42.0
2014-04-23 03:19:00,89.92,212853.0,78.0
2014-04-23 03:24:00,90.546,236724.0,34.0
2014-04-23 03:29:00,92.084,212383.0,18.0
2014-04-23 03:34:00,90.416,230147.0,67.0
2014-04-23 03:39:00,92.834,231162.0,74.0
2014-04-23 03:44:00,88.25,210571.0,17.0
2014-04-23 03:49:00,89.376,232926.0,30.0
2014-04-23 03:54:00,92.042,226238.0,100.0
2014-04-23 03:59:00,91.042,224461.0,12.0
2014-04-23 04:04:00,93.344,232227.0,30.0
2014-04-23 04:09:00,93.0,243381.0,52.0
2014-04-23 04:14:00,90.666,218989.0,4.0
2014-04-23 04:19:00,92.584,227296.0,8.0
2014-04-23 04:24:00,90.5,230796.0,75.0
2014-04-23 04:29:00,88.5,227592.0,123.0
2014-04-23 04:34:00,92.794,221103.0,91.0
2014-04-23 04:39:00,87.65799999999999,229885.0,43.0
2014-04-23 04:44:00,85.99600000000002,231865.0,192.0
2014-04-23 04:49:00,90.678,213354.0,85.0
2014-04-23 04:54:00,90.166,242181.0,43.0
2014-04-23 04:59:00,91.5,222572.0,36.0
2014-04-23 05:04:00,89.00200000000002,228429.0,27.0
2014-04-23 05:09:00,93.584,238887.0,34.0
2014-04-23 05:14:00,89.0,240794.0,55.0
2014-04-23 05:19:00,89.416,221107.0,34.0
2014-04-23 05:24:00,88.334,228773.0,61.0
2014-04-23 05:29:00,90.092,227712.0,19.0
2014-04-23 05:34:00,92.0,221057.0,48.0
2014-04-23 05:39:00,89.436,232556.0,37.0
2014-04-23 05:44:00,87.084,221661.0,74.0
2014-04-23 05:49:00,91.61,238932.0,46.0
2014-04-23 05:54:00,90.068,234499.0,5.0
2014-04-23 05:59:00,87.80799999999998,241141.0,37.0
2014-04-23 06:04:00,90.75,229250.0,67.0
2014-04-23 06:09:00,90.416,250225.0,29.0
2014-04-23 06:14:00,89.042,222268.0,5.0
2014-04-23 06:19:00,87.0,235665.0,67.0
2014-04-23 06:24:00,89.584,226112.0,44.0
2014-04-23 06:29:00,90.584,221056.0,34.0
2014-04-23 06:34:00,90.458,241260.0,131.0
2014-04-23 06:39:00,90.668,225677.0,143.0
2014-04-23 06:44:00,88.042,231392.0,141.0
2014-04-23 06:49:00,90.0,220216.0,47.0
2014-04-23 06:54:00,88.084,240334.0,56.0
2014-04-23 06:59:00,89.708,220120.0,101.0
2014-04-23 07:04:00,89.792,233371.0,27.0
2014-04-23 07:09:00,92.376,237971.0,170.0
2014-04-23 07:14:00,89.584,233087.0,45.0
2014-04-23 07:19:00,89.834,214975.0,87.0
2014-04-23 07:24:00,86.71799999999998,225819.0,69.0
2014-04-23 07:29:00,86.166,241121.0,12.0
2014-04-23 07:34:00,85.446,221656.0,98.0
2014-04-23 07:39:00,88.25,225515.0,34.0
2014-04-23 07:44:00,87.344,230143.0,108.0
2014-04-23 07:49:00,91.124,236540.0,42.0
2014-04-23 07:54:00,90.334,226047.0,36.0
2014-04-23 07:59:00,81.0,235024.0,31.0
2014-04-23 08:04:00,82.0,230542.0,42.0
2014-04-23 08:09:00,92.708,246067.0,14.0
2014-04-23 08:14:00,93.042,219551.0,3.0
2014-04-23 08:19:00,94.626,222006.0,80.0
2014-04-23 08:24:00,93.084,237246.0,75.0
2014-04-23 08:29:00,94.334,225072.0,10.0
2014-04-23 08:34:00,92.584,240154.0,73.0
2014-04-23 08:39:00,92.584,218962.0,6.0
2014-04-23 08:44:00,93.916,221051.0,5.0
2014-04-23 08:49:00,92.7,221846.0,150.0
2014-04-23 08:54:00,94.0,251849.0,7.0
2014-04-23 08:59:00,93.184,210512.0,19.0
2014-04-23 09:04:00,93.514,255044.0,94.0
2014-04-23 09:09:00,96.666,235386.0,9.0
2014-04-23 09:14:00,92.5,230449.0,67.0
2014-04-23 09:19:00,93.092,246693.0,80.0
2014-04-23 09:24:00,94.558,223899.0,5.0
2014-04-23 09:29:00,92.416,232624.0,127.0
2014-04-23 09:34:00,93.874,231555.0,68.0
2014-04-23 09:39:00,92.542,236779.0,7.0
2014-04-23 09:44:00,94.208,231550.0,18.0
2014-04-23 09:49:00,94.334,240814.0,156.0
2014-04-23 09:54:00,92.084,223730.0,46.0
2014-04-23 09:59:00,92.666,238867.0,111.0
2014-04-23 10:04:00,93.876,239456.0,29.0
2014-04-23 10:09:00,95.126,237144.0,160.0
2014-04-23 10:14:00,94.666,241165.0,17.0
2014-04-23 10:19:00,93.208,225163.0,18.0
2014-04-23 10:24:00,91.802,236638.0,13.0
2014-04-23 10:29:00,91.742,225738.0,56.0
2014-04-23 10:34:00,93.9,237894.0,55.0
2014-04-23 10:39:00,92.604,229767.0,19.0
2014-04-23 10:44:00,93.126,232114.0,6.0
2014-04-23 10:49:00,95.208,225263.0,9.0
2014-04-23 10:54:00,93.084,242151.0,54.0
2014-04-23 10:59:00,92.666,231890.0,34.0
2014-04-23 11:04:00,93.236,229479.0,6.0
2014-04-23 11:09:00,94.088,254935.0,45.0
2014-04-23 11:14:00,93.666,222448.0,4.0
2014-04-23 11:19:00,95.29,238506.0,7.0
2014-04-23 11:24:00,93.102,216263.0,144.0
2014-04-23 11:29:00,93.666,245394.0,39.0
2014-04-23 11:34:00,95.208,227018.0,138.0
2014-04-23 11:39:00,94.416,238246.0,82.0
2014-04-23 11:44:00,95.166,238645.0,15.0
2014-04-23 11:49:00,92.834,225822.0,10.0
2014-04-23 11:54:00,94.792,238081.0,47.0
2014-04-23 11:59:00,92.854,222809.0,51.0
2014-04-23 12:04:00,95.032,242401.0,39.0
2014-04-23 12:09:00,96.75,244642.0,71.0
2014-04-23 12:14:00,95.68,239347.0,36.0
2014-04-23 12:19:00,95.584,225060.0,222.0
2014-04-23 12:24:00,95.0,246596.0,107.0
2014-04-23 12:29:00,94.584,227039.0,67.0
2014-04-23 12:34:00,93.042,232027.0,76.0
2014-04-23 12:39:00,92.584,229830.0,128.0
2014-04-23 12:44:00,95.208,243772.0,132.0
2014-04-23 12:49:00,93.78,224448.0,52.0
2014-04-23 12:54:00,96.512,236807.0,78.0
2014-04-23 12:59:00,95.1,231996.0,5.0
2014-04-23 13:04:00,94.626,235179.0,75.0
2014-04-23 13:09:00,95.722,260116.0,85.0
2014-04-23 13:14:00,95.334,218799.0,56.0
2014-04-23 13:19:00,97.042,238470.0,66.0
2014-04-23 13:24:00,95.876,212632.0,32.0
2014-04-23 13:29:00,94.376,238544.0,90.0
2014-04-23 13:34:00,92.126,231342.0,8.0
2014-04-23 13:39:00,94.124,241633.0,6.0
2014-04-23 13:44:00,94.618,224775.0,7.0
2014-04-23 13:49:00,93.604,238496.0,4.0
2014-04-23 13:54:00,94.61,226101.0,53.0
2014-04-23 13:59:00,93.09,228193.0,75.0
2014-04-23 14:04:00,92.292,252925.0,4.0
2014-04-23 14:09:00,95.916,236824.0,69.0
2014-04-23 14:14:00,93.0,238951.0,83.0
2014-04-23 14:19:00,93.75,230576.0,42.0
2014-04-23 14:24:00,95.124,243619.0,2.0
2014-04-23 14:29:00,91.264,225872.0,48.0
2014-04-23 14:34:00,93.75,225646.0,313.0
2014-04-23 14:39:00,94.334,229435.0,43.0
2014-04-23 14:44:00,93.75,237829.0,132.0
2014-04-23 14:49:00,93.792,233160.0,89.0
2014-04-23 14:54:00,94.626,219419.0,84.0
2014-04-23 14:59:00,94.292,240363.0,36.0
2014-04-23 15:04:00,94.75,241440.0,159.0
2014-04-23 15:09:00,94.75,258518.0,100.0
2014-04-23 15:14:00,94.876,231983.0,121.0
2014-04-23 15:19:00,93.232,234284.0,13.0
2014-04-23 15:24:00,94.58,235660.0,63.0
2014-04-23 15:29:00,94.834,232941.0,52.0
2014-04-23 15:34:00,94.312,225574.0,167.0
2014-04-23 15:39:00,95.708,227988.0,17.0
2014-04-23 15:44:00,95.08,238909.0,202.0
2014-04-23 15:49:00,95.666,225501.0,52.0
2014-04-23 15:54:00,95.084,253822.0,67.0
2014-04-23 15:59:00,93.542,219032.0,37.0
2014-04-23 16:04:00,97.038,252177.0,81.0
2014-04-23 16:09:00,96.462,244754.0,23.0
2014-04-23 16:14:00,93.688,236433.0,48.0
2014-04-23 16:19:00,94.816,220024.0,27.0
2014-04-23 16:24:00,95.834,249071.0,13.0
2014-04-23 16:29:00,92.916,226107.0,78.0
2014-04-23 16:34:00,94.584,222206.0,61.0
2014-04-23 16:39:00,93.208,243946.0,10.0
2014-04-23 16:44:00,94.042,226820.0,167.0
2014-04-23 16:49:00,93.75,238766.0,60.0
2014-04-23 16:54:00,96.584,231590.0,58.0
2014-04-23 16:59:00,94.626,248211.0,99.0
2014-04-23 17:04:00,95.916,230676.0,56.0
2014-04-23 17:09:00,95.084,266654.0,84.0
2014-04-23 17:14:00,94.916,221579.0,151.0
2014-04-23 17:19:00,94.124,247754.0,39.0
2014-04-23 17:24:00,93.792,228409.0,128.0
2014-04-23 17:29:00,95.006,224093.0,74.0
2014-04-23 17:34:00,94.458,242373.0,83.0
2014-04-23 17:39:00,93.126,238885.0,36.0
2014-04-23 17:44:00,95.25,245139.0,157.0
2014-04-23 17:49:00,94.25,227107.0,299.0
2014-04-23 17:54:00,94.624,249106.0,147.0
2014-04-23 17:59:00,93.904,240023.0,104.0
2014-04-23 18:04:00,94.188,232528.0,54.0
2014-04-23 18:09:00,95.208,244919.0,45.0
2014-04-23 18:14:00,93.666,246012.0,15.0
2014-04-23 18:19:00,96.292,217182.0,99.0
2014-04-23 18:24:00,96.012,230302.0,54.0
2014-04-23 18:29:00,94.006,239252.0,117.0
2014-04-23 18:34:00,94.63,225584.0,15.0
2014-04-23 18:39:00,94.0,241200.0,31.0
2014-04-23 18:44:00,94.792,226536.0,93.0
2014-04-23 18:49:00,94.416,232492.0,127.0
2014-04-23 18:54:00,93.166,232544.0,169.0
2014-04-23 18:59:00,95.792,242748.0,135.0
2014-04-23 19:04:00,94.536,229101.0,10.0
2014-04-23 19:09:00,94.416,257228.0,15.0
2014-04-23 19:14:00,94.208,226354.0,104.0
2014-04-23 19:19:00,95.292,228851.0,118.0
2014-04-23 19:24:00,93.542,238249.0,164.0
2014-04-23 19:29:00,92.842,225330.0,114.0
2014-04-23 19:34:00,93.584,244219.0,13.0
2014-04-23 19:39:00,93.084,226790.0,90.0
2014-04-23 19:44:00,93.792,228622.0,57.0
2014-04-23 19:49:00,93.624,225627.0,261.0
2014-04-23 19:54:00,92.174,244368.0,58.0
2014-04-23 19:59:00,95.626,231676.0,162.0
2014-04-23 20:04:00,92.834,242201.0,63.0
2014-04-23 20:09:00,97.416,249542.0,80.0
2014-04-23 20:14:00,94.328,214739.0,109.0
2014-04-23 20:19:00,93.958,250796.0,93.0
2014-04-23 20:24:00,94.814,226677.0,16.0
2014-04-23 20:29:00,94.95,238762.0,119.0
2014-04-23 20:34:00,92.404,223551.0,17.0
2014-04-23 20:39:00,94.552,239809.0,141.0
2014-04-23 20:44:00,94.19,226534.0,53.0
2014-04-23 20:49:00,94.458,236720.0,86.0
2014-04-23 20:54:00,93.126,232275.0,171.0
2014-04-23 20:59:00,95.126,230534.0,192.0
2014-04-23 21:04:00,93.208,240651.0,165.0
2014-04-23 21:09:00,97.0,242795.0,84.0
2014-04-23 21:14:00,95.166,232869.0,131.0
2014-04-23 21:19:00,94.334,217435.0,27.0
2014-04-23 21:24:00,95.5,263174.0,165.0
2014-04-23 21:29:00,95.708,239831.0,60.0
2014-04-23 21:34:00,94.376,290757.0,91.0
2014-04-23 21:39:00,93.374,277197.0,83.0
2014-04-23 21:44:00,94.376,305342.0,68.0
2014-04-23 21:49:00,95.024,259767.0,24.0
2014-04-23 21:54:00,96.33,247117.0,69.0
2014-04-23 21:59:00,94.0,239788.0,33.0
2014-04-23 22:04:00,93.61,254682.0,4.0
2014-04-23 22:09:00,97.084,248504.0,209.0
2014-04-23 22:14:00,95.246,227133.0,96.0
2014-04-23 22:19:00,95.584,244855.0,164.0
2014-04-23 22:24:00,94.75,230209.0,10.0
2014-04-23 22:29:00,96.338,261533.0,66.0
2014-04-23 22:34:00,95.626,237217.0,17.0
2014-04-23 22:39:00,93.75,239987.0,39.0
2014-04-23 22:44:00,95.876,220543.0,6.0
2014-04-23 22:49:00,94.49,244705.0,13.0
2014-04-23 22:54:00,95.182,240663.0,42.0
2014-04-23 22:59:00,92.276,224464.0,72.0
2014-04-23 23:04:00,93.076,251203.0,93.0
2014-04-23 23:09:00,99.04,240935.0,13.0
2014-04-23 23:14:00,93.666,234906.0,5.0
2014-04-23 23:19:00,94.498,224199.0,9.0
2014-04-23 23:24:00,93.682,261335.0,81.0
2014-04-23 23:29:00,94.666,211402.0,115.0
2014-04-23 23:34:00,96.334,224337.0,261.0
2014-04-23 23:39:00,94.592,229228.0,75.0
2014-04-23 23:44:00,92.666,246677.0,6.0
2014-04-23 23:49:00,95.084,226809.0,10.0
2014-04-23 23:54:00,95.236,237540.0,13.0
2014-04-23 23:59:00,96.374,233857.0,182.0
2014-04-24 00:04:00,95.042,238302.0,29.0
2014-04-24 00:09:00,96.584,242084.0,12.0
